{"type":"FeatureCollection","name":"spring_lake_road_centerlines","metadata":{"source":"NJOGIS NG911 Road Centerlines (Tran_road)","url":"https://services2.arcgis.com/XVOqAjTOJ5P6ngMu/arcgis/rest/services/Tran_road/FeatureServer/0","query_url":"https://services2.arcgis.com/XVOqAjTOJ5P6ngMu/arcgis/rest/services/Tran_road/FeatureServer/0/query","retrieved_at_utc":"2026-09-04T20:06:14.123926+00:00","source_last_edit_date":1785341586960,"out_sr":4326,"query_envelope_wgs84":[-74.0377401,40.1381024,-74.016069,40.1691612],"spatial_relationship":"esriSpatialRelIntersects","boundary_file":"spring_lake_boundary.geojson","boundary_sha256":"3a812d6392f850eb714e440c2158782b003417d206ee5c3021c43b161bdf0cce","fields":["OBJECTID","PRIMENAME","ELEVTYP_F","ELEVTYP_T"],"feature_count":550,"complete_objectid_inventory_verified":true,"municipal_clipping":"Envelope selection only; clip against the actual municipal boundary in the application."},"features":[{"type":"Feature","id":181,"properties":{"OBJECTID":181,"PRIMENAME":"5th Avenue","ELEVTYP_F":0,"ELEVTYP_T":0},"geometry":{"type":"LineString","coordinates":[[-74.0324863995873,40.1585105849655],[-74.0322868097449,40.1576152294755],[-74.0322631980742,40.1575104570151]]}},{"type":"Feature","id":1533,"properties":{"OBJECTID":1533,"PRIMENAME":"Unnamed Segment","ELEVTYP_F":0,"ELEVTYP_T":0},"geometry":{"type":"LineString","coordinates":[[-74.036274426127,40.1586921470896],[-74.0368084241307,40.1585601470304]]}},{"type":"Feature","id":1651,"properties":{"OBJECTID":1651,"PRIMENAME":"Surf Avenue","ELEVTYP_F":0,"ELEVTYP_T":0},"geometry":{"type":"LineString","coordinates":[[-74.0176646956358,40.1698132012798],[-74.0179914309642,40.1689261914151],[-74.0180141249028,40.1688645173648]]}},{"type":"Feature","id":1907,"properties":{"OBJECTID":1907,"PRIMENAME":"Warren Avenue","ELEVTYP_F":0,"ELEVTYP_T":0},"geometry":{"type":"LineString","coordinates":[[-74.0250453649135,40.1496865090336],[-74.0252999735511,40.1497331797955],[-74.0269963617737,40.1500421579895]]}},{"type":"Feature","id":2217,"properties":{"OBJECTID":2217,"PRIMENAME":"Saint Clair Avenue","ELEVTYP_F":0,"ELEVTYP_T":0},"geometry":{"type":"LineString","coordinates":[[-74.0295100780741,40.1568544644669],[-74.0274536057006,40.157129457785],[-74.0273644343699,40.1571412827474]]}},{"type":"Feature","id":2297,"properties":{"OBJECTID":2297,"PRIMENAME":"Ocean Avenue","ELEVTYP_F":0,"ELEVTYP_T":0},"geometry":{"type":"LineString","coordinates":[[-74.020831664411,40.1570017668591],[-74.0205929598925,40.1577681115218],[-74.0205034121202,40.158056956333]]}},{"type":"Feature","id":2899,"properties":{"OBJECTID":2899,"PRIMENAME":"Washington Avenue","ELEVTYP_F":0,"ELEVTYP_T":0},"geometry":{"type":"LineString","coordinates":[[-74.0276740230254,40.1544569757585],[-74.0296252640829,40.1548146403298]]}},{"type":"Feature","id":3612,"properties":{"OBJECTID":3612,"PRIMENAME":"6th Avenue","ELEVTYP_F":0,"ELEVTYP_T":0},"geometry":{"type":"LineString","coordinates":[[-74.037617478475,40.1487757475892],[-74.0378921064462,40.1478909681654],[-74.0379310929424,40.1477653894212]]}},{"type":"Feature","id":4157,"properties":{"OBJECTID":4157,"PRIMENAME":"H Street","ELEVTYP_F":0,"ELEVTYP_T":0},"geometry":{"type":"LineString","coordinates":[[-74.0345861638722,40.1630127626087],[-74.0345248315374,40.1633193037613]]}},{"type":"Feature","id":4909,"properties":{"OBJECTID":4909,"PRIMENAME":"South Boulevard","ELEVTYP_F":0,"ELEVTYP_T":0},"geometry":{"type":"LineString","coordinates":[[-74.0279371548068,40.1647040040519],[-74.0288806852671,40.1642167723354],[-74.029291994274,40.164004011424],[-74.0303707296743,40.1634459940361],[-74.0313931332753,40.1629210672936],[-74.0317433440643,40.1627400550616],[-74.0320976422732,40.162556927271],[-74.0321669181174,40.1625201190095]]}},{"type":"Feature","id":5547,"properties":{"OBJECTID":5547,"PRIMENAME":"Ocean Road","ELEVTYP_F":0,"ELEVTYP_T":0},"geometry":{"type":"LineString","coordinates":[[-74.0372852078475,40.1434395896261],[-74.0395382111712,40.1436643504442]]}},{"type":"Feature","id":5992,"properties":{"OBJECTID":5992,"PRIMENAME":"Seventh Avenue","ELEVTYP_F":0,"ELEVTYP_T":0},"geometry":{"type":"LineString","coordinates":[[-74.0349075070521,40.1613581576094],[-74.034893116776,40.1614325238892]]}},{"type":"Feature","id":6659,"properties":{"OBJECTID":6659,"PRIMENAME":"A Street","ELEVTYP_F":0,"ELEVTYP_T":0},"geometry":{"type":"LineString","coordinates":[[-74.0188924266326,40.1690535037635],[-74.0185508555438,40.1700006026741]]}},{"type":"Feature","id":7127,"properties":{"OBJECTID":7127,"PRIMENAME":"4th Avenue","ELEVTYP_F":0,"ELEVTYP_T":0},"geometry":{"type":"LineString","coordinates":[[-74.0295100780741,40.1568544644669],[-74.0297427887399,40.1578495025086]]}},{"type":"Feature","id":8303,"properties":{"OBJECTID":8303,"PRIMENAME":"2nd Avenue","ELEVTYP_F":0,"ELEVTYP_T":0},"geometry":{"type":"LineString","coordinates":[[-74.034846200322,40.165884680069],[-74.0352494250462,40.1659297849732],[-74.0355171989763,40.1659605359645]]}},{"type":"Feature","id":10731,"properties":{"OBJECTID":10731,"PRIMENAME":"Shore Road","ELEVTYP_F":0,"ELEVTYP_T":0},"geometry":{"type":"LineString","coordinates":[[-74.0399239185994,40.1413606377097],[-74.0385316507323,40.1414925817773],[-74.0381473615821,40.1415281128588],[-74.0379111958037,40.1415499480891],[-74.0377818904904,40.1415619029008]]}},{"type":"Feature","id":10755,"properties":{"OBJECTID":10755,"PRIMENAME":"Unnamed Segment","ELEVTYP_F":0,"ELEVTYP_T":0},"geometry":{"type":"LineString","coordinates":[[-74.0373586104688,40.1624139808564],[-74.0376375103571,40.1631015632973]]}},{"type":"Feature","id":10794,"properties":{"OBJECTID":10794,"PRIMENAME":"Ocean Avenue","ELEVTYP_F":0,"ELEVTYP_T":0},"geometry":{"type":"LineString","coordinates":[[-74.0238660363797,40.1473197343998],[-74.0235456137037,40.1483381512437]]}},{"type":"Feature","id":11850,"properties":{"OBJECTID":11850,"PRIMENAME":"Jersey Avenue","ELEVTYP_F":0,"ELEVTYP_T":0},"geometry":{"type":"LineString","coordinates":[[-74.0240960660229,40.1527269096241],[-74.0238508785471,40.1526822240358],[-74.0223868786384,40.1524140479343],[-74.0222743987992,40.1523934339]]}},{"type":"Feature","id":14251,"properties":{"OBJECTID":14251,"PRIMENAME":"5th Avenue","ELEVTYP_F":0,"ELEVTYP_T":0},"geometry":{"type":"LineString","coordinates":[[-74.0367869742769,40.1392631685437],[-74.0368184736442,40.1391965845202],[-74.0371242993011,40.138058676884],[-74.037157109073,40.1379359836007]]}},{"type":"Feature","id":18596,"properties":{"OBJECTID":18596,"PRIMENAME":"FR RT 71 SB to LUDLOW AVE CO 524","ELEVTYP_F":0,"ELEVTYP_T":0},"geometry":{"type":"LineString","coordinates":[[-74.0354329459018,40.1586820549213],[-74.0355670274242,40.1585591923836],[-74.0356219100277,40.1585262170283],[-74.0357042314922,40.1584767530355],[-74.0357637599779,40.158439321661],[-74.036076286373,40.1582428091466]]}},{"type":"Feature","id":24081,"properties":{"OBJECTID":24081,"PRIMENAME":"3rd Avenue","ELEVTYP_F":0,"ELEVTYP_T":0},"geometry":{"type":"LineString","coordinates":[[-74.0302138008218,40.1463415455379],[-74.0305291394688,40.1453287156595]]}},{"type":"Feature","id":26747,"properties":{"OBJECTID":26747,"PRIMENAME":"4th Avenue","ELEVTYP_F":0,"ELEVTYP_T":0},"geometry":{"type":"LineString","coordinates":[[-74.0305804483688,40.1517763599135],[-74.0305522127375,40.1518659884311],[-74.030261291342,40.1527885968336]]}},{"type":"Feature","id":28132,"properties":{"OBJECTID":28132,"PRIMENAME":"Church Street","ELEVTYP_F":0,"ELEVTYP_T":0},"geometry":{"type":"LineString","coordinates":[[-74.0311693234505,40.1617132549896],[-74.0305371716611,40.1621654756738],[-74.0303792460578,40.1622875492593],[-74.0302704657735,40.1623716349939]]}},{"type":"Feature","id":42028,"properties":{"OBJECTID":42028,"PRIMENAME":"Ocean Road","ELEVTYP_F":0,"ELEVTYP_T":0},"geometry":{"type":"LineString","coordinates":[[-74.0345139836062,40.1431587593476],[-74.0361754611168,40.1433286604569],[-74.036596844181,40.1433720482022]]}},{"type":"Feature","id":42744,"properties":{"OBJECTID":42744,"PRIMENAME":"Essex Avenue","ELEVTYP_F":0,"ELEVTYP_T":0},"geometry":{"type":"LineString","coordinates":[[-74.0298950259669,40.1473583954707],[-74.0301357624394,40.1474031600983],[-74.0318503397093,40.1477150781691]]}},{"type":"Feature","id":42806,"properties":{"OBJECTID":42806,"PRIMENAME":"Warren Avenue","ELEVTYP_F":0,"ELEVTYP_T":0},"geometry":{"type":"LineString","coordinates":[[-74.0368028080003,40.1518475937026],[-74.0366566698844,40.1518201876409]]}},{"type":"Feature","id":43580,"properties":{"OBJECTID":43580,"PRIMENAME":"Sussex Avenue","ELEVTYP_F":0,"ELEVTYP_T":0},"geometry":{"type":"LineString","coordinates":[[-74.0372980791269,40.1497938229614],[-74.0394851720762,40.1501945408132],[-74.0395811816518,40.1502121625494]]}},{"type":"Feature","id":43602,"properties":{"OBJECTID":43602,"PRIMENAME":"Saint Clair Avenue","ELEVTYP_F":0,"ELEVTYP_T":0},"geometry":{"type":"LineString","coordinates":[[-74.0320348692246,40.1565076723598],[-74.0302203354409,40.1567594235646],[-74.0295100780741,40.1568544644669]]}},{"type":"Feature","id":43806,"properties":{"OBJECTID":43806,"PRIMENAME":"2nd Avenue","ELEVTYP_F":0,"ELEVTYP_T":0},"geometry":{"type":"LineString","coordinates":[[-74.0254489699369,40.1584258984293],[-74.0256758152603,40.159428250882]]}},{"type":"Feature","id":44886,"properties":{"OBJECTID":44886,"PRIMENAME":"3rd Avenue","ELEVTYP_F":0,"ELEVTYP_T":0},"geometry":{"type":"LineString","coordinates":[[-74.0329132801566,40.1385085496023],[-74.0329299761959,40.1384469858782],[-74.0330867437192,40.1378679192549]]}},{"type":"Feature","id":45192,"properties":{"OBJECTID":45192,"PRIMENAME":"Brighton Avenue","ELEVTYP_F":0,"ELEVTYP_T":0},"geometry":{"type":"LineString","coordinates":[[-74.0327833394906,40.1553933932061],[-74.033486257703,40.1552962166226]]}},{"type":"Feature","id":45323,"properties":{"OBJECTID":45323,"PRIMENAME":"3rd Avenue","ELEVTYP_F":0,"ELEVTYP_T":0},"geometry":{"type":"LineString","coordinates":[[-74.0283068605912,40.1524293924911],[-74.0282107412097,40.1527429513302],[-74.0279903496285,40.153446931561]]}},{"type":"Feature","id":45508,"properties":{"OBJECTID":45508,"PRIMENAME":"Salem Avenue","ELEVTYP_F":0,"ELEVTYP_T":0},"geometry":{"type":"LineString","coordinates":[[-74.0269486026049,40.1435956781667],[-74.0252629770282,40.1432846843636],[-74.0251287542993,40.1432599479955]]}},{"type":"Feature","id":45917,"properties":{"OBJECTID":45917,"PRIMENAME":"3rd Avenue","ELEVTYP_F":0,"ELEVTYP_T":0},"geometry":{"type":"LineString","coordinates":[[-74.0305291394688,40.1453287156595],[-74.0308083646088,40.1444318372843],[-74.0308452723277,40.1443135281598]]}},{"type":"Feature","id":46410,"properties":{"OBJECTID":46410,"PRIMENAME":"6th Avenue","ELEVTYP_F":0,"ELEVTYP_T":0},"geometry":{"type":"LineString","coordinates":[[-74.0366566698844,40.1518201876409],[-74.0366859917816,40.1517275690026],[-74.0369778521462,40.1508058269578]]}},{"type":"Feature","id":46602,"properties":{"OBJECTID":46602,"PRIMENAME":"Morris Avenue","ELEVTYP_F":0,"ELEVTYP_T":0},"geometry":{"type":"LineString","coordinates":[[-74.0327233730146,40.1532380225055],[-74.0329896499167,40.1532865905587],[-74.0346584126215,40.1535935878634]]}},{"type":"Feature","id":46860,"properties":{"OBJECTID":46860,"PRIMENAME":"18th Avenue","ELEVTYP_F":0,"ELEVTYP_T":0},"geometry":{"type":"LineString","coordinates":[[-74.0375832697849,40.1691464887564],[-74.0371831005568,40.1691544433572],[-74.0367400184017,40.1691632408489]]}},{"type":"Feature","id":46887,"properties":{"OBJECTID":46887,"PRIMENAME":"1st Avenue","ELEVTYP_F":0,"ELEVTYP_T":0},"geometry":{"type":"LineString","coordinates":[[-74.0279007628852,40.1405542176599],[-74.0277641604884,40.1409926598637],[-74.0275837545545,40.1415682142671]]}},{"type":"Feature","id":47786,"properties":{"OBJECTID":47786,"PRIMENAME":"1st Avenue","ELEVTYP_F":0,"ELEVTYP_T":0},"geometry":{"type":"LineString","coordinates":[[-74.0247299396736,40.1506970989102],[-74.024866512097,40.1502595391249],[-74.0250453649135,40.1496865090336]]}},{"type":"Feature","id":48363,"properties":{"OBJECTID":48363,"PRIMENAME":"Jersey Avenue","ELEVTYP_F":0,"ELEVTYP_T":0},"geometry":{"type":"LineString","coordinates":[[-74.0332676575861,40.1544125080934],[-74.0324107889209,40.1542552877394]]}},{"type":"Feature","id":48663,"properties":{"OBJECTID":48663,"PRIMENAME":"3rd Avenue","ELEVTYP_F":0,"ELEVTYP_T":0},"geometry":{"type":"LineString","coordinates":[[-74.0280584052003,40.1601384435696],[-74.0281323722084,40.1604732575588],[-74.0281744255539,40.1606783912512],[-74.0282086401076,40.1611217561245],[-74.0282095975789,40.1611540439932]]}},{"type":"Feature","id":49510,"properties":{"OBJECTID":49510,"PRIMENAME":"18th Avenue","ELEVTYP_F":0,"ELEVTYP_T":0},"geometry":{"type":"LineString","coordinates":[[-74.0359332001308,40.1691792816902],[-74.0357850644392,40.1691822293242],[-74.0350924121054,40.1691965810683]]}},{"type":"Feature","id":50196,"properties":{"OBJECTID":50196,"PRIMENAME":"Fernwood Road","ELEVTYP_F":0,"ELEVTYP_T":0},"geometry":{"type":"LineString","coordinates":[[-74.0258418399519,40.1684635533773],[-74.0257937045134,40.1684494911949],[-74.0257194319228,40.1684110549458],[-74.025664068125,40.1683345640835],[-74.0254980729473,40.1680812642728],[-74.0254487483513,40.1680060337849]]}},{"type":"Feature","id":50849,"properties":{"OBJECTID":50849,"PRIMENAME":"3rd Avenue","ELEVTYP_F":0,"ELEVTYP_T":0},"geometry":{"type":"LineString","coordinates":[[-74.0282152140047,40.161335117929],[-74.0282391306067,40.1621084777453]]}},{"type":"Feature","id":51133,"properties":{"OBJECTID":51133,"PRIMENAME":"2nd Avenue","ELEVTYP_F":0,"ELEVTYP_T":0},"geometry":{"type":"LineString","coordinates":[[-74.0250106821042,40.1564368483719],[-74.0251371917597,40.157048494245],[-74.0252226161133,40.1574258810485]]}},{"type":"Feature","id":51396,"properties":{"OBJECTID":51396,"PRIMENAME":"Third Avenue Bridge","ELEVTYP_F":0,"ELEVTYP_T":0},"geometry":{"type":"LineString","coordinates":[[-74.027553899101,40.1667092772889],[-74.0275449824842,40.1669118017941]]}},{"type":"Feature","id":51433,"properties":{"OBJECTID":51433,"PRIMENAME":"Saint Clair Avenue","ELEVTYP_F":0,"ELEVTYP_T":0},"geometry":{"type":"LineString","coordinates":[[-74.0252226161133,40.1574258810485],[-74.0249480072908,40.1574623653501],[-74.0245833587707,40.1575118004083],[-74.0230725072534,40.1577166094229]]}},{"type":"Feature","id":51624,"properties":{"OBJECTID":51624,"PRIMENAME":"Warren Avenue","ELEVTYP_F":0,"ELEVTYP_T":0},"geometry":{"type":"LineString","coordinates":[[-74.0333489637646,40.1512106564503],[-74.0324490743885,40.1510514787289],[-74.0321885309336,40.1510027407472],[-74.0319590767424,40.1509541827872],[-74.0317669291419,40.1508962217044],[-74.0315500176368,40.1508238302802],[-74.0313580671749,40.1507372906924],[-74.0311599612842,40.1506459216284],[-74.0309484162005,40.1505425016103]]}},{"type":"Feature","id":51836,"properties":{"OBJECTID":51836,"PRIMENAME":"Ludlow Avenue","ELEVTYP_F":0,"ELEVTYP_T":0},"geometry":{"type":"LineString","coordinates":[[-74.0256758152603,40.159428250882],[-74.0245715189715,40.1595736139923],[-74.0245689762543,40.1595739602211],[-74.0235242706047,40.159716099385]]}},{"type":"Feature","id":52747,"properties":{"OBJECTID":52747,"PRIMENAME":"Monroe Avenue","ELEVTYP_F":0,"ELEVTYP_T":0},"geometry":{"type":"LineString","coordinates":[[-74.0210665876761,40.1625933316805],[-74.0207615763006,40.1624009436719],[-74.0205614768644,40.1622751235029],[-74.0193576408526,40.1615181462134],[-74.0193137182681,40.1614905381869]]}},{"type":"Feature","id":52784,"properties":{"OBJECTID":52784,"PRIMENAME":"Hampton Court","ELEVTYP_F":0,"ELEVTYP_T":0},"geometry":{"type":"LineString","coordinates":[[-74.0361390166898,40.161207082852],[-74.0361499959859,40.1611289964496],[-74.036235064051,40.1604954529981]]}},{"type":"Feature","id":53250,"properties":{"OBJECTID":53250,"PRIMENAME":"The Terrace","ELEVTYP_F":0,"ELEVTYP_T":0},"geometry":{"type":"LineString","coordinates":[[-74.0329132801566,40.1385085496023],[-74.0330349715887,40.1385236458562],[-74.033171439656,40.1385432752456],[-74.0333016259753,40.1385819322156],[-74.0334689460441,40.1386302651726],[-74.0336114395838,40.1386737206788],[-74.0337974340541,40.1387269317138],[-74.0339276474131,40.1387512573151],[-74.0341013618803,40.1387853113402],[-74.0342624233747,40.1388336449916],[-74.034373906841,40.1388769748391],[-74.0345039281013,40.1389346819496],[-74.0346154442888,40.1389732623923],[-74.0347271243087,40.1389880140053],[-74.0349505796571,40.1390032144386],[-74.0350106476431,40.139012103109]]}},{"type":"Feature","id":53406,"properties":{"OBJECTID":53406,"PRIMENAME":"Brighton Avenue","ELEVTYP_F":0,"ELEVTYP_T":0},"geometry":{"type":"LineString","coordinates":[[-74.0358662706067,40.1549778565611],[-74.037161972565,40.1548084161783],[-74.0373295620594,40.1547864644304]]}},{"type":"Feature","id":53515,"properties":{"OBJECTID":53515,"PRIMENAME":"1st Avenue","ELEVTYP_F":0,"ELEVTYP_T":0},"geometry":{"type":"LineString","coordinates":[[-74.0250453649135,40.1496865090336],[-74.0253628297847,40.1486693659012]]}},{"type":"Feature","id":57490,"properties":{"OBJECTID":57490,"PRIMENAME":"3rd Avenue","ELEVTYP_F":0,"ELEVTYP_T":0},"geometry":{"type":"LineString","coordinates":[[-74.0282391306067,40.1621084777453],[-74.028271757049,40.1627711010628],[-74.0282621371658,40.1629563956023]]}},{"type":"Feature","id":57495,"properties":{"OBJECTID":57495,"PRIMENAME":"H Street","ELEVTYP_F":0,"ELEVTYP_T":0},"geometry":{"type":"LineString","coordinates":[[-74.0345248315374,40.1633193037613],[-74.0344644029189,40.1636213279871]]}},{"type":"Feature","id":57778,"properties":{"OBJECTID":57778,"PRIMENAME":"Ocean Avenue","ELEVTYP_F":0,"ELEVTYP_T":0},"geometry":{"type":"LineString","coordinates":[[-74.0193137182681,40.1614905381869],[-74.0192007082247,40.1616647512723],[-74.0190921337946,40.1618339856942],[-74.0189766453857,40.1620855773375],[-74.0188181105487,40.1625143625688]]}},{"type":"Feature","id":58071,"properties":{"OBJECTID":58071,"PRIMENAME":"2nd Avenue","ELEVTYP_F":0,"ELEVTYP_T":0},"geometry":{"type":"LineString","coordinates":[[-74.0371510951357,40.1661481569333],[-74.0375312908646,40.1661967870667]]}},{"type":"Feature","id":58260,"properties":{"OBJECTID":58260,"PRIMENAME":"Ocean Avenue","ELEVTYP_F":0,"ELEVTYP_T":0},"geometry":{"type":"LineString","coordinates":[[-74.0202562527479,40.1588543412991],[-74.0199851797936,40.1597289345393],[-74.0199616402977,40.1598045237812]]}},{"type":"Feature","id":58369,"properties":{"OBJECTID":58369,"PRIMENAME":"Passaic Avenue","ELEVTYP_F":0,"ELEVTYP_T":0},"geometry":{"type":"LineString","coordinates":[[-74.0305804483688,40.1517763599135],[-74.0295727354799,40.1515903408388],[-74.0285464965233,40.1514042096493]]}},{"type":"Feature","id":58721,"properties":{"OBJECTID":58721,"PRIMENAME":"America Street","ELEVTYP_F":0,"ELEVTYP_T":0},"geometry":{"type":"LineString","coordinates":[[-74.0363926898095,40.1658962083134],[-74.0363608191107,40.1660573932514]]}},{"type":"Feature","id":58851,"properties":{"OBJECTID":58851,"PRIMENAME":"Walnut Drive","ELEVTYP_F":0,"ELEVTYP_T":0},"geometry":{"type":"LineString","coordinates":[[-74.0399984254909,40.1541271457811],[-74.03971542576,40.153735144464],[-74.0396714253885,40.1536961447871],[-74.0396034260231,40.153662144829],[-74.0395384253796,40.1536471449172],[-74.0394574267987,40.1536471452353],[-74.03940442688,40.1536561447938],[-74.0393314265633,40.1536851463492],[-74.0392824251864,40.1537211461684],[-74.0381524250895,40.1548741459211],[-74.0380884255759,40.1549451462122],[-74.0379084271354,40.1552061461093],[-74.0378704254368,40.15527514513],[-74.037836423666,40.1553561463641],[-74.0378114243848,40.1554391461048],[-74.0378034263855,40.1555031453873],[-74.0377894251707,40.1555661452679],[-74.0377484256316,40.1556681458341],[-74.0374774251161,40.1561061455663],[-74.0373314245858,40.1563611448658],[-74.0373044256643,40.1564411453304],[-74.0372944251511,40.1565031451586],[-74.0372924241332,40.1565551451699],[-74.0373004255382,40.1566581456656],[-74.0372884239561,40.1567491448173],[-74.0372484260688,40.1568491451714]]}},{"type":"Feature","id":61651,"properties":{"OBJECTID":61651,"PRIMENAME":"Vroom Avenue","ELEVTYP_F":0,"ELEVTYP_T":0},"geometry":{"type":"LineString","coordinates":[[-74.020624371273,40.1620905951039],[-74.0205977302127,40.1621771842114],[-74.0225003800148,40.1619276770705],[-74.024001093869,40.1617174453889]]}},{"type":"Feature","id":61704,"properties":{"OBJECTID":61704,"PRIMENAME":"Ocean Avenue","ELEVTYP_F":0,"ELEVTYP_T":0},"geometry":{"type":"LineString","coordinates":[[-74.0176579520251,40.1660490736817],[-74.0176467953423,40.1660832602047]]}},{"type":"Feature","id":62184,"properties":{"OBJECTID":62184,"PRIMENAME":"H Street","ELEVTYP_F":0,"ELEVTYP_T":0},"geometry":{"type":"LineString","coordinates":[[-74.0354329459018,40.1586820549213],[-74.0353900524854,40.1589068034147],[-74.0353876055832,40.1589196264896],[-74.0353386613808,40.1591761014562],[-74.0351542983821,40.1600978300224],[-74.0349075070521,40.1613581576094]]}},{"type":"Feature","id":63559,"properties":{"OBJECTID":63559,"PRIMENAME":"4th Avenue","ELEVTYP_F":0,"ELEVTYP_T":0},"geometry":{"type":"LineString","coordinates":[[-74.0293029695197,40.1558624669943],[-74.0293009558045,40.155869184191],[-74.0294994438804,40.1568089314868],[-74.0295100780741,40.1568544644669]]}},{"type":"Feature","id":63604,"properties":{"OBJECTID":63604,"PRIMENAME":"East Lake Avenue","ELEVTYP_F":0,"ELEVTYP_T":0},"geometry":{"type":"LineString","coordinates":[[-74.0262142945226,40.1459411575281],[-74.0263310827515,40.1461437708889],[-74.0265889921114,40.1465737492892]]}},{"type":"Feature","id":64120,"properties":{"OBJECTID":64120,"PRIMENAME":"People Street","ELEVTYP_F":0,"ELEVTYP_T":0},"geometry":{"type":"LineString","coordinates":[[-74.0370588385491,40.166623022474],[-74.037150728942,40.1661500441938],[-74.0371510951357,40.1661481569333]]}},{"type":"Feature","id":64282,"properties":{"OBJECTID":64282,"PRIMENAME":"Pitney Drive","ELEVTYP_F":0,"ELEVTYP_T":0},"geometry":{"type":"LineString","coordinates":[[-74.034893116776,40.1614325238892],[-74.0347626979506,40.1614424045929],[-74.0342728660326,40.1614795420278]]}},{"type":"Feature","id":64697,"properties":{"OBJECTID":64697,"PRIMENAME":"1st Avenue","ELEVTYP_F":0,"ELEVTYP_T":0},"geometry":{"type":"LineString","coordinates":[[-74.0269486026049,40.1435956781667],[-74.0268305892182,40.1439724531739],[-74.0266312818745,40.1446092857207]]}},{"type":"Feature","id":64980,"properties":{"OBJECTID":64980,"PRIMENAME":"Devon Court","ELEVTYP_F":0,"ELEVTYP_T":0},"geometry":{"type":"LineString","coordinates":[[-74.0335664241261,40.1633331470481],[-74.0337074228468,40.1633071476134],[-74.033774424025,40.1633011477884],[-74.0340324263704,40.1632991483781],[-74.0342684247901,40.1633061477454],[-74.0345248315374,40.1633193037613]]}},{"type":"Feature","id":65627,"properties":{"OBJECTID":65627,"PRIMENAME":"5th Avenue","ELEVTYP_F":0,"ELEVTYP_T":0},"geometry":{"type":"LineString","coordinates":[[-74.0360214517488,40.167717447201],[-74.0367276086243,40.16780400554],[-74.0368182474824,40.1678150745386]]}},{"type":"Feature","id":66792,"properties":{"OBJECTID":66792,"PRIMENAME":"4th Avenue","ELEVTYP_F":0,"ELEVTYP_T":0},"geometry":{"type":"LineString","coordinates":[[-74.0353714729,40.1376544686031],[-74.0352485552086,40.1381083756375],[-74.0350254456126,40.1389558572047],[-74.0350106476431,40.139012103109]]}},{"type":"Feature","id":67010,"properties":{"OBJECTID":67010,"PRIMENAME":"H Street","ELEVTYP_F":0,"ELEVTYP_T":0},"geometry":{"type":"LineString","coordinates":[[-74.0343103889974,40.1643868329451],[-74.0342782844459,40.1645556856895],[-74.0341672784358,40.1651395476792]]}},{"type":"Feature","id":67590,"properties":{"OBJECTID":67590,"PRIMENAME":"2nd Avenue","ELEVTYP_F":0,"ELEVTYP_T":0},"geometry":{"type":"LineString","coordinates":[[-74.0340386082661,40.1657944074103],[-74.0341444118444,40.1658061988255],[-74.034846200322,40.165884680069]]}},{"type":"Feature","id":67683,"properties":{"OBJECTID":67683,"PRIMENAME":"Ludlow Avenue","ELEVTYP_F":0,"ELEVTYP_T":0},"geometry":{"type":"LineString","coordinates":[[-74.0324863995873,40.1585105849655],[-74.0300740882657,40.1588382696452],[-74.029975635687,40.1588517882504]]}},{"type":"Feature","id":67757,"properties":{"OBJECTID":67757,"PRIMENAME":"4th Avenue","ELEVTYP_F":0,"ELEVTYP_T":0},"geometry":{"type":"LineString","coordinates":[[-74.0301987299374,40.159852826881],[-74.0302352162892,40.1600099769577],[-74.0303020750272,40.1602199598243],[-74.0303215833706,40.1602842961718],[-74.0303628453716,40.1604203644385],[-74.0304360941165,40.1606065447431],[-74.0304889523517,40.1607400696289]]}},{"type":"Feature","id":67946,"properties":{"OBJECTID":67946,"PRIMENAME":"1st Avenue","ELEVTYP_F":0,"ELEVTYP_T":0},"geometry":{"type":"LineString","coordinates":[[-74.0244128235824,40.1517128137736],[-74.0245620133894,40.1512351709937],[-74.0246286137164,40.1510217703999],[-74.0247299396736,40.1506970989102]]}},{"type":"Feature","id":70430,"properties":{"OBJECTID":70430,"PRIMENAME":"York Avenue","ELEVTYP_F":0,"ELEVTYP_T":0},"geometry":{"type":"LineString","coordinates":[[-74.0279007628852,40.1405542176599],[-74.028009222725,40.1405742063983],[-74.0297520610985,40.1408958792734],[-74.0298336564876,40.1409109529663]]}},{"type":"Feature","id":71047,"properties":{"OBJECTID":71047,"PRIMENAME":"Brighton Avenue","ELEVTYP_F":0,"ELEVTYP_T":0},"geometry":{"type":"LineString","coordinates":[[-74.0346290764253,40.1551396393316],[-74.0358662706067,40.1549778565611]]}},{"type":"Feature","id":71301,"properties":{"OBJECTID":71301,"PRIMENAME":"2nd Avenue","ELEVTYP_F":0,"ELEVTYP_T":0},"geometry":{"type":"LineString","coordinates":[[-74.0294013532731,40.1423288118763],[-74.0294437123756,40.1421899266962],[-74.0295241061976,40.1419263298684]]}},{"type":"Feature","id":71439,"properties":{"OBJECTID":71439,"PRIMENAME":"Shore Road","ELEVTYP_F":0,"ELEVTYP_T":0},"geometry":{"type":"LineString","coordinates":[[-74.0345266030936,40.1422898718279],[-74.0344874621119,40.1423695474173],[-74.034481574967,40.1423928172114],[-74.0344592650355,40.1424810025495],[-74.0344421353274,40.1425798457724],[-74.0344330452686,40.1427061200853],[-74.0344338305131,40.1428164839062],[-74.0344638386267,40.1429691324748],[-74.0344779877524,40.1430225890356],[-74.0344941425176,40.1430836229946],[-74.0345139836062,40.1431587593476]]}},{"type":"Feature","id":71808,"properties":{"OBJECTID":71808,"PRIMENAME":"Main Street","ELEVTYP_F":0,"ELEVTYP_T":0},"geometry":{"type":"LineString","coordinates":[[-74.0275235506439,40.1675522231039],[-74.0275201425464,40.1676558349947],[-74.0275086905866,40.168058547486]]}},{"type":"Feature","id":71945,"properties":{"OBJECTID":71945,"PRIMENAME":"Atlantic Avenue","ELEVTYP_F":0,"ELEVTYP_T":0},"geometry":{"type":"LineString","coordinates":[[-74.0305291394688,40.1453287156595],[-74.0285808257911,40.1449691020021]]}},{"type":"Feature","id":72656,"properties":{"OBJECTID":72656,"PRIMENAME":"4th Avenue","ELEVTYP_F":0,"ELEVTYP_T":0},"geometry":{"type":"LineString","coordinates":[[-74.0381412766977,40.1672291647152],[-74.0380486035408,40.1672278348842],[-74.0375889275202,40.1672212227706],[-74.0374087584471,40.1672205030829],[-74.0371977272923,40.1671958304935],[-74.0369524640205,40.1671690994739]]}},{"type":"Feature","id":73337,"properties":{"OBJECTID":73337,"PRIMENAME":"Passaic Avenue","ELEVTYP_F":0,"ELEVTYP_T":0},"geometry":{"type":"LineString","coordinates":[[-74.0348269587332,40.1525552581477],[-74.0330281098223,40.1522263259252]]}},{"type":"Feature","id":73458,"properties":{"OBJECTID":73458,"PRIMENAME":"Jersey Avenue","ELEVTYP_F":0,"ELEVTYP_T":0},"geometry":{"type":"LineString","coordinates":[[-74.0324107889209,40.1542552877394],[-74.0317539902765,40.1541347515962],[-74.0299413574112,40.1538031622919]]}},{"type":"Feature","id":73568,"properties":{"OBJECTID":73568,"PRIMENAME":"4th Avenue","ELEVTYP_F":0,"ELEVTYP_T":0},"geometry":{"type":"LineString","coordinates":[[-74.0315244081438,40.1487296517389],[-74.0312381343921,40.1496620273164],[-74.031211058695,40.1497443579989]]}},{"type":"Feature","id":73685,"properties":{"OBJECTID":73685,"PRIMENAME":"Morris Avenue","ELEVTYP_F":0,"ELEVTYP_T":0},"geometry":{"type":"LineString","coordinates":[[-74.030261291342,40.1527885968336],[-74.0305578991266,40.1528430578753],[-74.0327233730146,40.1532380225055]]}},{"type":"Feature","id":73839,"properties":{"OBJECTID":73839,"PRIMENAME":"West Lake Avenue","ELEVTYP_F":0,"ELEVTYP_T":0},"geometry":{"type":"LineString","coordinates":[[-74.0309484162005,40.1505425016103],[-74.0308256899004,40.1504825144038],[-74.0305968255308,40.1503433890029],[-74.0305075688806,40.1502825481818],[-74.0303928259027,40.1502043369687],[-74.0302198127732,40.1500749358972],[-74.0300839428383,40.1499600160488],[-74.0299667481577,40.1498451448262],[-74.0298868922961,40.1497161492755],[-74.0298134264684,40.1495633232594],[-74.0297909061052,40.149488120368]]}},{"type":"Feature","id":73898,"properties":{"OBJECTID":73898,"PRIMENAME":"Wall Road","ELEVTYP_F":0,"ELEVTYP_T":0},"geometry":{"type":"LineString","coordinates":[[-74.0329045656273,40.1628222218213],[-74.0328646701009,40.1628220608722],[-74.0328463576437,40.1628184698363]]}},{"type":"Feature","id":74597,"properties":{"OBJECTID":74597,"PRIMENAME":"Devon Court","ELEVTYP_F":0,"ELEVTYP_T":0},"geometry":{"type":"LineString","coordinates":[[-74.0335314248365,40.1636681480192],[-74.0333394238441,40.1637071483545],[-74.032802424906,40.1638321470505]]}},{"type":"Feature","id":74623,"properties":{"OBJECTID":74623,"PRIMENAME":"Ocean Avenue","ELEVTYP_F":0,"ELEVTYP_T":0},"geometry":{"type":"LineString","coordinates":[[-74.0232271004147,40.1493531991135],[-74.0231132641548,40.1497215594294],[-74.0229454809238,40.1502516407864],[-74.0229100407025,40.150363612493]]}},{"type":"Feature","id":74676,"properties":{"OBJECTID":74676,"PRIMENAME":"Campmeeting Street","ELEVTYP_F":0,"ELEVTYP_T":0},"geometry":{"type":"LineString","coordinates":[[-74.0346473248283,40.1668998524173],[-74.0347526209059,40.1663623665861]]}},{"type":"Feature","id":74917,"properties":{"OBJECTID":74917,"PRIMENAME":"Sussex Avenue","ELEVTYP_F":0,"ELEVTYP_T":0},"geometry":{"type":"LineString","coordinates":[[-74.0339995872569,40.1491843200947],[-74.0336826820348,40.1491285783057],[-74.0315244081438,40.1487296517389]]}},{"type":"Feature","id":75391,"properties":{"OBJECTID":75391,"PRIMENAME":"Pennsylvania Avenue","ELEVTYP_F":0,"ELEVTYP_T":0},"geometry":{"type":"LineString","coordinates":[[-74.0292151442298,40.1429379198708],[-74.0294582289229,40.1429822568284],[-74.0311625444147,40.143297684016]]}},{"type":"Feature","id":75395,"properties":{"OBJECTID":75395,"PRIMENAME":"East Lake Avenue","ELEVTYP_F":0,"ELEVTYP_T":0},"geometry":{"type":"LineString","coordinates":[[-74.0280968626193,40.1502516927537],[-74.0280893202479,40.150272718148],[-74.0280531606195,40.150373515557],[-74.0280399579214,40.1504926345146],[-74.0280575758475,40.1506452340228],[-74.0280875377351,40.1507978838317],[-74.0281549111727,40.1509363562399],[-74.0282470132836,40.151089259195],[-74.0283331872316,40.1511992294665],[-74.0284380696891,40.1513044716279],[-74.0285103542121,40.1513709633532],[-74.0285464965233,40.1514042096493]]}},{"type":"Feature","id":75484,"properties":{"OBJECTID":75484,"PRIMENAME":"18th Avenue","ELEVTYP_F":0,"ELEVTYP_T":0},"geometry":{"type":"LineString","coordinates":[[-74.0350924121054,40.1691965810683],[-74.0350145681224,40.1691981896195],[-74.0346789911899,40.1692111721496],[-74.0344613021708,40.1692436248853],[-74.0343853638897,40.1692596263158]]}},{"type":"Feature","id":75866,"properties":{"OBJECTID":75866,"PRIMENAME":"Passaic Avenue","ELEVTYP_F":0,"ELEVTYP_T":0},"geometry":{"type":"LineString","coordinates":[[-74.0247299396736,40.1506970989102],[-74.0246310056983,40.1506786764737],[-74.0244489288217,40.1506447729757],[-74.0230346306413,40.1503863626731],[-74.0229100407025,40.150363612493]]}},{"type":"Feature","id":76035,"properties":{"OBJECTID":76035,"PRIMENAME":"6th Avenue","ELEVTYP_F":0,"ELEVTYP_T":0},"geometry":{"type":"LineString","coordinates":[[-74.0369778521462,40.1508058269578],[-74.0371350572863,40.1503092296456],[-74.0372255064884,40.1500235058243],[-74.0372980791269,40.1497938229614]]}},{"type":"Feature","id":76138,"properties":{"OBJECTID":76138,"PRIMENAME":"World Street","ELEVTYP_F":0,"ELEVTYP_T":0},"geometry":{"type":"LineString","coordinates":[[-74.0350995592496,40.1693560046787],[-74.0350960353497,40.1692844991572],[-74.0350924121054,40.1691965810683]]}},{"type":"Feature","id":76436,"properties":{"OBJECTID":76436,"PRIMENAME":"Church Street","ELEVTYP_F":0,"ELEVTYP_T":0},"geometry":{"type":"LineString","coordinates":[[-74.0329351708975,40.1604500140138],[-74.0321144438051,40.1610371547418]]}},{"type":"Feature","id":76501,"properties":{"OBJECTID":76501,"PRIMENAME":"6th Avenue","ELEVTYP_F":0,"ELEVTYP_T":0},"geometry":{"type":"LineString","coordinates":[[-74.0365911573832,40.1528949229118],[-74.0367903693514,40.1519091478538],[-74.0368028080003,40.1518475937026]]}},{"type":"Feature","id":76594,"properties":{"OBJECTID":76594,"PRIMENAME":"Ocean Avenue","ELEVTYP_F":0,"ELEVTYP_T":0},"geometry":{"type":"LineString","coordinates":[[-74.0264310338728,40.1392327104024],[-74.0263762789093,40.1392492517889],[-74.0263378925986,40.1393169855808],[-74.0262475547752,40.1395977615804],[-74.0260655823433,40.1402172597633]]}},{"type":"Feature","id":76948,"properties":{"OBJECTID":76948,"PRIMENAME":"Twenty First Avenue","ELEVTYP_F":0,"ELEVTYP_T":0},"geometry":{"type":"LineString","coordinates":[[-74.0275086905866,40.168058547486],[-74.0276478008662,40.1680614757654],[-74.0279273105177,40.1680673379794],[-74.0280080750362,40.1680676672447],[-74.0281138038595,40.1680490731635],[-74.0289538214193,40.1678618614199],[-74.0301048631998,40.1676139188215],[-74.030203058197,40.16759276675]]}},{"type":"Feature","id":77160,"properties":{"OBJECTID":77160,"PRIMENAME":"4th Avenue","ELEVTYP_F":0,"ELEVTYP_T":0},"geometry":{"type":"LineString","coordinates":[[-74.032795946555,40.1446722891444],[-74.0327495326066,40.1448210063002],[-74.0325084182698,40.1455683155732],[-74.0324721176095,40.145686902365]]}},{"type":"Feature","id":77344,"properties":{"OBJECTID":77344,"PRIMENAME":"America Street","ELEVTYP_F":0,"ELEVTYP_T":0},"geometry":{"type":"LineString","coordinates":[[-74.0363608191107,40.1660573932514],[-74.0362768800923,40.1664819984499],[-74.0362667603976,40.1665335416165]]}},{"type":"Feature","id":77512,"properties":{"OBJECTID":77512,"PRIMENAME":"3rd Avenue","ELEVTYP_F":0,"ELEVTYP_T":0},"geometry":{"type":"LineString","coordinates":[[-74.0354221594883,40.1664378046557],[-74.0362667603976,40.1665335416165]]}},{"type":"Feature","id":78416,"properties":{"OBJECTID":78416,"PRIMENAME":"Lorraine Avenue","ELEVTYP_F":0,"ELEVTYP_T":0},"geometry":{"type":"LineString","coordinates":[[-74.0188181105487,40.1625143625688],[-74.0188911387649,40.1625603196699],[-74.0202247607523,40.1633996482535],[-74.0203119004279,40.1634541464245]]}},{"type":"Feature","id":78668,"properties":{"OBJECTID":78668,"PRIMENAME":"Ocean Road","ELEVTYP_F":0,"ELEVTYP_T":0},"geometry":{"type":"LineString","coordinates":[[-74.036925035406,40.1434058108735],[-74.0369946700729,40.1434129795387],[-74.0371017496921,40.1434224549851]]}},{"type":"Feature","id":78847,"properties":{"OBJECTID":78847,"PRIMENAME":"Washington Avenue","ELEVTYP_F":0,"ELEVTYP_T":0},"geometry":{"type":"LineString","coordinates":[[-74.0320540618289,40.1552597721257],[-74.0327833394906,40.1553933932061]]}},{"type":"Feature","id":79260,"properties":{"OBJECTID":79260,"PRIMENAME":"3rd Avenue","ELEVTYP_F":0,"ELEVTYP_T":0},"geometry":{"type":"LineString","coordinates":[[-74.0275908345428,40.1581390175091],[-74.0278004864062,40.1590659106257],[-74.0278196524179,40.159145217112]]}},{"type":"Feature","id":79298,"properties":{"OBJECTID":79298,"PRIMENAME":"H Street","ELEVTYP_F":0,"ELEVTYP_T":0},"geometry":{"type":"LineString","coordinates":[[-74.0340386082661,40.1657944074103],[-74.0339443792354,40.1662722005409]]}},{"type":"Feature","id":80316,"properties":{"OBJECTID":80316,"PRIMENAME":"Monmouth Avenue","ELEVTYP_F":0,"ELEVTYP_T":0},"geometry":{"type":"LineString","coordinates":[[-74.0321614421244,40.1467019522205],[-74.0325498044464,40.1467742944047],[-74.034632967149,40.1471523924368]]}},{"type":"Feature","id":80584,"properties":{"OBJECTID":80584,"PRIMENAME":"5th Avenue","ELEVTYP_F":0,"ELEVTYP_T":0},"geometry":{"type":"LineString","coordinates":[[-74.0330281098223,40.1522263259252],[-74.0333116036877,40.1512852048018],[-74.0333489637646,40.1512106564503]]}},{"type":"Feature","id":80699,"properties":{"OBJECTID":80699,"PRIMENAME":"4th Avenue","ELEVTYP_F":0,"ELEVTYP_T":0},"geometry":{"type":"LineString","coordinates":[[-74.0361580002344,40.1670821608543],[-74.0353140789568,40.1669803039102]]}},{"type":"Feature","id":81046,"properties":{"OBJECTID":81046,"PRIMENAME":"Sussex Avenue","ELEVTYP_F":0,"ELEVTYP_T":0},"geometry":{"type":"LineString","coordinates":[[-74.0256784085787,40.1476545467447],[-74.02729983013,40.1479540444791],[-74.0274179131763,40.147975857299]]}},{"type":"Feature","id":81073,"properties":{"OBJECTID":81073,"PRIMENAME":"East Lake Avenue","ELEVTYP_F":0,"ELEVTYP_T":0},"geometry":{"type":"LineString","coordinates":[[-74.0267030249623,40.1467663029833],[-74.0272396777668,40.1476725988299],[-74.0274179131763,40.147975857299]]}},{"type":"Feature","id":81341,"properties":{"OBJECTID":81341,"PRIMENAME":"Jersey Lane","ELEVTYP_F":0,"ELEVTYP_T":0},"geometry":{"type":"LineString","coordinates":[[-74.0332676575861,40.1544125080934],[-74.0334912609645,40.1544134091684],[-74.0336217021422,40.1544139346197],[-74.0337521769759,40.1544097107688],[-74.0338824880811,40.154429260487],[-74.0344222071431,40.1545268022476]]}},{"type":"Feature","id":81808,"properties":{"OBJECTID":81808,"PRIMENAME":"20th Avenue","ELEVTYP_F":0,"ELEVTYP_T":0},"geometry":{"type":"LineString","coordinates":[[-74.0176551746083,40.1687872800039],[-74.016906331007,40.1686261681424],[-74.0167481885073,40.1685921524751]]}},{"type":"Feature","id":81943,"properties":{"OBJECTID":81943,"PRIMENAME":"Ocean Avenue","ELEVTYP_F":0,"ELEVTYP_T":0},"geometry":{"type":"LineString","coordinates":[[-74.0254447226941,40.1422476565077],[-74.0254109192559,40.1423559979982],[-74.0251551325828,40.1431758036183],[-74.0251287542993,40.1432599479955]]}},{"type":"Feature","id":82560,"properties":{"OBJECTID":82560,"PRIMENAME":"6th Avenue","ELEVTYP_F":0,"ELEVTYP_T":0},"geometry":{"type":"LineString","coordinates":[[-74.0359012100848,40.1685536149351],[-74.0351568429678,40.1685698187263],[-74.0350666275288,40.1685700599515]]}},{"type":"Feature","id":82726,"properties":{"OBJECTID":82726,"PRIMENAME":"Brighton Avenue","ELEVTYP_F":0,"ELEVTYP_T":0},"geometry":{"type":"LineString","coordinates":[[-74.0271581379311,40.1561499711714],[-74.0274606755687,40.1561095326182],[-74.0293029695197,40.1558624669943]]}},{"type":"Feature","id":82820,"properties":{"OBJECTID":82820,"PRIMENAME":"1st Avenue","ELEVTYP_F":0,"ELEVTYP_T":0},"geometry":{"type":"LineString","coordinates":[[-74.023303077685,40.1587130797706],[-74.0230725072534,40.1577166094229]]}},{"type":"Feature","id":82973,"properties":{"OBJECTID":82973,"PRIMENAME":"Atlantic Avenue","ELEVTYP_F":0,"ELEVTYP_T":0},"geometry":{"type":"LineString","coordinates":[[-74.0266312818745,40.1446092857207],[-74.0249465618818,40.14429834687],[-74.0248113741159,40.1442733864097]]}},{"type":"Feature","id":83142,"properties":{"OBJECTID":83142,"PRIMENAME":"Ocean Avenue","ELEVTYP_F":0,"ELEVTYP_T":0},"geometry":{"type":"LineString","coordinates":[[-74.0213214126863,40.1554364851736],[-74.0209549118936,40.156606133292],[-74.020831664411,40.1570017668591]]}},{"type":"Feature","id":83300,"properties":{"OBJECTID":83300,"PRIMENAME":"Wall Road","ELEVTYP_F":0,"ELEVTYP_T":0},"geometry":{"type":"LineString","coordinates":[[-74.0380868019772,40.1617295270743],[-74.0380202464901,40.1617455683553],[-74.0375489514197,40.1618590433664],[-74.0348052251735,40.1624724109834],[-74.0346813083812,40.1624992567972]]}},{"type":"Feature","id":83332,"properties":{"OBJECTID":83332,"PRIMENAME":"Wyckham Road","ELEVTYP_F":0,"ELEVTYP_T":0},"geometry":{"type":"LineString","coordinates":[[-74.0368084241307,40.1585601470304],[-74.0367254242267,40.1583561459162],[-74.0366384262846,40.1582081465584],[-74.0365802764672,40.1581190301922]]}},{"type":"Feature","id":83453,"properties":{"OBJECTID":83453,"PRIMENAME":"20th Avenue","ELEVTYP_F":0,"ELEVTYP_T":0},"geometry":{"type":"LineString","coordinates":[[-74.0302781819201,40.1684268389142],[-74.0301798756517,40.1684482923203],[-74.0276288066225,40.1690050861419],[-74.0274814345373,40.1690372631943]]}},{"type":"Feature","id":83481,"properties":{"OBJECTID":83481,"PRIMENAME":"Pennsylvania Avenue","ELEVTYP_F":0,"ELEVTYP_T":0},"geometry":{"type":"LineString","coordinates":[[-74.0311625444147,40.143297684016],[-74.0330122479669,40.143640056223],[-74.0331121044098,40.1436585229629]]}},{"type":"Feature","id":83625,"properties":{"OBJECTID":83625,"PRIMENAME":"Mercer Avenue","ELEVTYP_F":0,"ELEVTYP_T":0},"geometry":{"type":"LineString","coordinates":[[-74.0273116027893,40.1490271134452],[-74.0270505034455,40.1489777581782],[-74.0253628297847,40.1486693659012]]}},{"type":"Feature","id":83729,"properties":{"OBJECTID":83729,"PRIMENAME":"North Boulevard","ELEVTYP_F":0,"ELEVTYP_T":0},"geometry":{"type":"LineString","coordinates":[[-74.0196052494435,40.1691426098225],[-74.0194500443993,40.1691228866854],[-74.0193973086767,40.1691091603226],[-74.0193198094554,40.1690889903551],[-74.0191823344459,40.1690217882491],[-74.0191526604256,40.1690072838842],[-74.0190781540843,40.1689350426543],[-74.0190292233485,40.1688875988199],[-74.0189746601504,40.1688254387971]]}},{"type":"Feature","id":83854,"properties":{"OBJECTID":83854,"PRIMENAME":"Ocean Avenue","ELEVTYP_F":0,"ELEVTYP_T":0},"geometry":{"type":"LineString","coordinates":[[-74.0199616402977,40.1598045237812],[-74.0197331356698,40.1605374167796],[-74.0196556775339,40.1607698121942],[-74.0196446895462,40.1607956548464]]}},{"type":"Feature","id":84399,"properties":{"OBJECTID":84399,"PRIMENAME":"3rd Avenue","ELEVTYP_F":0,"ELEVTYP_T":0},"geometry":{"type":"LineString","coordinates":[[-74.0278196524179,40.159145217112],[-74.0280480668405,40.1600916219147],[-74.0280584052003,40.1601384435696]]}},{"type":"Feature","id":84896,"properties":{"OBJECTID":84896,"PRIMENAME":"5th Avenue","ELEVTYP_F":0,"ELEVTYP_T":0},"geometry":{"type":"LineString","coordinates":[[-74.0318604873043,40.1555172382795],[-74.0319355482779,40.1553976007644],[-74.0320540618289,40.1552597721257]]}},{"type":"Feature","id":85001,"properties":{"OBJECTID":85001,"PRIMENAME":"America Street","ELEVTYP_F":0,"ELEVTYP_T":0},"geometry":{"type":"LineString","coordinates":[[-74.0361580002344,40.1670821608543],[-74.0360328698657,40.1676487234143],[-74.0360214517488,40.167717447201]]}},{"type":"Feature","id":85122,"properties":{"OBJECTID":85122,"PRIMENAME":"H Street","ELEVTYP_F":0,"ELEVTYP_T":0},"geometry":{"type":"LineString","coordinates":[[-74.0339443792354,40.1662722005409],[-74.0338398066206,40.1668023867428]]}},{"type":"Feature","id":85477,"properties":{"OBJECTID":85477,"PRIMENAME":"Central Avenue","ELEVTYP_F":0,"ELEVTYP_T":0},"geometry":{"type":"LineString","coordinates":[[-74.0374255262633,40.1425081254285],[-74.0396995092103,40.1427205302675]]}},{"type":"Feature","id":86044,"properties":{"OBJECTID":86044,"PRIMENAME":"Passaic Avenue","ELEVTYP_F":0,"ELEVTYP_T":0},"geometry":{"type":"LineString","coordinates":[[-74.0381354831312,40.1531560750061],[-74.0380056543638,40.1531341163694],[-74.0365911573832,40.1528949229118]]}},{"type":"Feature","id":86776,"properties":{"OBJECTID":86776,"PRIMENAME":"4th Avenue","ELEVTYP_F":0,"ELEVTYP_T":0},"geometry":{"type":"LineString","coordinates":[[-74.0333061679595,40.1430362895091],[-74.0332765785923,40.1431311850779],[-74.0331121044098,40.1436585229629]]}},{"type":"Feature","id":86923,"properties":{"OBJECTID":86923,"PRIMENAME":"Devon Court","ELEVTYP_F":0,"ELEVTYP_T":0},"geometry":{"type":"LineString","coordinates":[[-74.0344644029189,40.1636213279871],[-74.0342024246068,40.1635681484415],[-74.0340904247234,40.1635601465255],[-74.0339924252144,40.1635621479548],[-74.0339064240571,40.1635721478991],[-74.0337644240757,40.1636011482094],[-74.0335314248365,40.1636681480192]]}},{"type":"Feature","id":87058,"properties":{"OBJECTID":87058,"PRIMENAME":"Monmouth Avenue","ELEVTYP_F":0,"ELEVTYP_T":0},"geometry":{"type":"LineString","coordinates":[[-74.034632967149,40.1471523924368],[-74.0349131588879,40.1472032348838],[-74.0350988723675,40.1472380327193],[-74.0361372392485,40.147432589365],[-74.0363056981791,40.1474641520495]]}},{"type":"Feature","id":87116,"properties":{"OBJECTID":87116,"PRIMENAME":"Essex Avenue","ELEVTYP_F":0,"ELEVTYP_T":0},"geometry":{"type":"LineString","coordinates":[[-74.040066023896,40.1492234816068],[-74.0399390721076,40.1492002458842],[-74.037617478475,40.1487757475892]]}},{"type":"Feature","id":87213,"properties":{"OBJECTID":87213,"PRIMENAME":"Monmouthshire Lane","ELEVTYP_F":0,"ELEVTYP_T":0},"geometry":{"type":"LineString","coordinates":[[-74.0252800449938,40.1454578675742],[-74.0254275340922,40.1454816268536],[-74.0263135119187,40.1456243458772]]}},{"type":"Feature","id":87664,"properties":{"OBJECTID":87664,"PRIMENAME":"4th Avenue","ELEVTYP_F":0,"ELEVTYP_T":0},"geometry":{"type":"LineString","coordinates":[[-74.0304889523517,40.1607400696289],[-74.0305769925588,40.1608930918367],[-74.0306873914814,40.161093697451],[-74.0308536200043,40.1613136361986],[-74.0311369728598,40.1616722187222],[-74.0311693234505,40.1617132549896]]}},{"type":"Feature","id":88721,"properties":{"OBJECTID":88721,"PRIMENAME":"1st Avenue","ELEVTYP_F":0,"ELEVTYP_T":0},"geometry":{"type":"LineString","coordinates":[[-74.0237790806714,40.1537416627767],[-74.0240960660229,40.1527269096241]]}},{"type":"Feature","id":89338,"properties":{"OBJECTID":89338,"PRIMENAME":"2nd Avenue","ELEVTYP_F":0,"ELEVTYP_T":0},"geometry":{"type":"LineString","coordinates":[[-74.0282694950274,40.1459778520204],[-74.0285558539163,40.1450470768868],[-74.0285808257911,40.1449691020021]]}},{"type":"Feature","id":89664,"properties":{"OBJECTID":89664,"PRIMENAME":"20th Avenue","ELEVTYP_F":0,"ELEVTYP_T":0},"geometry":{"type":"LineString","coordinates":[[-74.0180141249028,40.1688645173648],[-74.0176551746083,40.1687872800039]]}},{"type":"Feature","id":90067,"properties":{"OBJECTID":90067,"PRIMENAME":"3rd Avenue","ELEVTYP_F":0,"ELEVTYP_T":0},"geometry":{"type":"LineString","coordinates":[[-74.0282095975789,40.1611540439932],[-74.0282152140047,40.161335117929]]}},{"type":"Feature","id":90344,"properties":{"OBJECTID":90344,"PRIMENAME":"2nd Avenue","ELEVTYP_F":0,"ELEVTYP_T":0},"geometry":{"type":"LineString","coordinates":[[-74.0266745861778,40.151059259849],[-74.0263837143214,40.151972935709],[-74.0263534517359,40.152070187272]]}},{"type":"Feature","id":91387,"properties":{"OBJECTID":91387,"PRIMENAME":"Unnamed Segment","ELEVTYP_F":0,"ELEVTYP_T":0},"geometry":{"type":"LineString","coordinates":[[-74.0369898342997,40.1602968752659],[-74.037073386043,40.1602679741613],[-74.0373364712765,40.1602018556597]]}},{"type":"Feature","id":92965,"properties":{"OBJECTID":92965,"PRIMENAME":"Pitney Avenue","ELEVTYP_F":0,"ELEVTYP_T":0},"geometry":{"type":"LineString","coordinates":[[-74.025838572807,40.1636622715208],[-74.0253425169542,40.1638067822727],[-74.0247282763873,40.1639853685029],[-74.0247134719852,40.1639896724257]]}},{"type":"Feature","id":93173,"properties":{"OBJECTID":93173,"PRIMENAME":"Lorraine Avenue","ELEVTYP_F":0,"ELEVTYP_T":0},"geometry":{"type":"LineString","coordinates":[[-74.0222932100347,40.1646937860545],[-74.024523504929,40.1660922178356],[-74.0247354907087,40.166225131312],[-74.0248400943589,40.1662906779212]]}},{"type":"Feature","id":93863,"properties":{"OBJECTID":93863,"PRIMENAME":"Prospect Avenue","ELEVTYP_F":0,"ELEVTYP_T":0},"geometry":{"type":"LineString","coordinates":[[-74.0393878453628,40.1445566019042],[-74.0384308249963,40.1444614827358],[-74.0370840500934,40.144332184531],[-74.0370936532867,40.144289566591]]}},{"type":"Feature","id":97706,"properties":{"OBJECTID":97706,"PRIMENAME":"Jersey Avenue","ELEVTYP_F":0,"ELEVTYP_T":0},"geometry":{"type":"LineString","coordinates":[[-74.026039525996,40.1530823509323],[-74.0258297538235,40.1530430312321],[-74.0246160640834,40.1528217301928],[-74.0240960660229,40.1527269096241]]}},{"type":"Feature","id":99152,"properties":{"OBJECTID":99152,"PRIMENAME":"Adrian Avenue","ELEVTYP_F":0,"ELEVTYP_T":0},"geometry":{"type":"LineString","coordinates":[[-74.0209465040971,40.161045652082],[-74.0208774584353,40.1612680081022],[-74.020624371273,40.1620905951039]]}},{"type":"Feature","id":100199,"properties":{"OBJECTID":100199,"PRIMENAME":"Ocean Avenue","ELEVTYP_F":0,"ELEVTYP_T":0},"geometry":{"type":"LineString","coordinates":[[-74.0222743987992,40.1523934339],[-74.022266783052,40.1524182747867],[-74.0219554613804,40.15340740484]]}},{"type":"Feature","id":101457,"properties":{"OBJECTID":101457,"PRIMENAME":"Wall Road","ELEVTYP_F":0,"ELEVTYP_T":0},"geometry":{"type":"LineString","coordinates":[[-74.0333542818212,40.1627858553327],[-74.0332001494368,40.1628186096307],[-74.0330510174881,40.1628228125288],[-74.0329045656273,40.1628222218213]]}},{"type":"Feature","id":102026,"properties":{"OBJECTID":102026,"PRIMENAME":"Atlantic Avenue","ELEVTYP_F":0,"ELEVTYP_T":0},"geometry":{"type":"LineString","coordinates":[[-74.0349467068745,40.1461395171204],[-74.0348460233892,40.1461210765627],[-74.0324721176095,40.145686902365]]}},{"type":"Feature","id":104204,"properties":{"OBJECTID":104204,"PRIMENAME":"Prospect Avenue","ELEVTYP_F":0,"ELEVTYP_T":0},"geometry":{"type":"LineString","coordinates":[[-74.0188347012217,40.1651465466653],[-74.0195732207099,40.1643003621557]]}},{"type":"Feature","id":105442,"properties":{"OBJECTID":105442,"PRIMENAME":"5th Avenue","ELEVTYP_F":0,"ELEVTYP_T":0},"geometry":{"type":"LineString","coordinates":[[-74.0351915063232,40.1676220140673],[-74.0359641012207,40.1677104091345],[-74.0360214517488,40.167717447201]]}},{"type":"Feature","id":106215,"properties":{"OBJECTID":106215,"PRIMENAME":"Adrian Avenue","ELEVTYP_F":0,"ELEVTYP_T":0},"geometry":{"type":"LineString","coordinates":[[-74.0215978535984,40.1589465330134],[-74.021570215405,40.159035558218],[-74.0212629551122,40.1600263763599]]}},{"type":"Feature","id":107188,"properties":{"OBJECTID":107188,"PRIMENAME":"Allaire Road","ELEVTYP_F":0,"ELEVTYP_T":0},"geometry":{"type":"LineString","coordinates":[[-74.0373483641894,40.1579311214182],[-74.0367649039551,40.1580738765951],[-74.0365802764672,40.1581190301922]]}},{"type":"Feature","id":108822,"properties":{"OBJECTID":108822,"PRIMENAME":"4th Avenue","ELEVTYP_F":0,"ELEVTYP_T":0},"geometry":{"type":"LineString","coordinates":[[-74.030261291342,40.1527885968336],[-74.0299413574112,40.1538031622919]]}},{"type":"Feature","id":109080,"properties":{"OBJECTID":109080,"PRIMENAME":"Margerum Avenue","ELEVTYP_F":0,"ELEVTYP_T":0},"geometry":{"type":"LineString","coordinates":[[-74.030203058197,40.16759276675],[-74.0301870061511,40.1674140663729],[-74.0301414103331,40.166818129071],[-74.0301362910533,40.1667511238998]]}},{"type":"Feature","id":110151,"properties":{"OBJECTID":110151,"PRIMENAME":"Salem Avenue","ELEVTYP_F":0,"ELEVTYP_T":0},"geometry":{"type":"LineString","coordinates":[[-74.0308452723277,40.1443135281598],[-74.0290081224976,40.143975619995],[-74.028903515675,40.1439563341893]]}},{"type":"Feature","id":110723,"properties":{"OBJECTID":110723,"PRIMENAME":"Salem Avenue","ELEVTYP_F":0,"ELEVTYP_T":0},"geometry":{"type":"LineString","coordinates":[[-74.028903515675,40.1439563341893],[-74.0269486026049,40.1435956781667]]}},{"type":"Feature","id":112712,"properties":{"OBJECTID":112712,"PRIMENAME":"Ocean Road","ELEVTYP_F":0,"ELEVTYP_T":0},"geometry":{"type":"LineString","coordinates":[[-74.0313526680847,40.1426890003549],[-74.0331779260909,40.1430259173328],[-74.0333061679595,40.1430362895091]]}},{"type":"Feature","id":113958,"properties":{"OBJECTID":113958,"PRIMENAME":"1st Avenue","ELEVTYP_F":0,"ELEVTYP_T":0},"geometry":{"type":"LineString","coordinates":[[-74.0230725072534,40.1577166094229],[-74.0228434017011,40.1567264591633]]}},{"type":"Feature","id":114141,"properties":{"OBJECTID":114141,"PRIMENAME":"H Street","ELEVTYP_F":0,"ELEVTYP_T":0},"geometry":{"type":"LineString","coordinates":[[-74.0363129783867,40.1568527236701],[-74.0358478065406,40.1578001232362],[-74.035662272648,40.1581599992164],[-74.0355710645145,40.1583446656052]]}},{"type":"Feature","id":114806,"properties":{"OBJECTID":114806,"PRIMENAME":"Pitney Drive","ELEVTYP_F":0,"ELEVTYP_T":0},"geometry":{"type":"LineString","coordinates":[[-74.0342728660326,40.1614795420278],[-74.0338036619578,40.1615151131013]]}},{"type":"Feature","id":115678,"properties":{"OBJECTID":115678,"PRIMENAME":"J Street","ELEVTYP_F":0,"ELEVTYP_T":0},"geometry":{"type":"LineString","coordinates":[[-74.0363334412249,40.1691713316978],[-74.0363387687572,40.1692560996969],[-74.0364732932927,40.1714014107127],[-74.036478556624,40.1714851354308]]}},{"type":"Feature","id":116416,"properties":{"OBJECTID":116416,"PRIMENAME":"Howell Avenue","ELEVTYP_F":0,"ELEVTYP_T":0},"geometry":{"type":"LineString","coordinates":[[-74.020860748212,40.1651108314582],[-74.0206307780214,40.1649671534694],[-74.0195732207099,40.1643003621557]]}},{"type":"Feature","id":116660,"properties":{"OBJECTID":116660,"PRIMENAME":"2nd Avenue","ELEVTYP_F":0,"ELEVTYP_T":0},"geometry":{"type":"LineString","coordinates":[[-74.0259027435014,40.1604299158493],[-74.025926697122,40.1605357348276],[-74.0260533719119,40.1610795984138],[-74.0261199228328,40.161337213024],[-74.0261510727015,40.1614321352462]]}},{"type":"Feature","id":117199,"properties":{"OBJECTID":117199,"PRIMENAME":"6th Avenue","ELEVTYP_F":0,"ELEVTYP_T":0},"geometry":{"type":"LineString","coordinates":[[-74.0350666275288,40.1685700599515],[-74.0344237025111,40.1685716493124],[-74.0343440431956,40.1685718513602]]}},{"type":"Feature","id":117231,"properties":{"OBJECTID":117231,"PRIMENAME":"Brighton Avenue","ELEVTYP_F":0,"ELEVTYP_T":0},"geometry":{"type":"LineString","coordinates":[[-74.0260422070491,40.1562991441776],[-74.0271581379311,40.1561499711714]]}},{"type":"Feature","id":118760,"properties":{"OBJECTID":118760,"PRIMENAME":"Passaic Avenue","ELEVTYP_F":0,"ELEVTYP_T":0},"geometry":{"type":"LineString","coordinates":[[-74.0330281098223,40.1522263259252],[-74.0319485863844,40.1520289189917],[-74.0305804483688,40.1517763599135]]}},{"type":"Feature","id":119065,"properties":{"OBJECTID":119065,"PRIMENAME":"Ocean Avenue","ELEVTYP_F":0,"ELEVTYP_T":0},"geometry":{"type":"LineString","coordinates":[[-74.0196446895462,40.1607956548464],[-74.0194886086215,40.1611618036122],[-74.0193732242622,40.1613988456377],[-74.0193137182681,40.1614905381869]]}},{"type":"Feature","id":119077,"properties":{"OBJECTID":119077,"PRIMENAME":"Ludlow Avenue","ELEVTYP_F":0,"ELEVTYP_T":0},"geometry":{"type":"LineString","coordinates":[[-74.0338531991521,40.1583503369781],[-74.0336864285453,40.1583571861552],[-74.033666106966,40.1583595181371],[-74.0332450617558,40.1584078427353],[-74.0325611418965,40.1585004001],[-74.0324863995873,40.1585105849655]]}},{"type":"Feature","id":119130,"properties":{"OBJECTID":119130,"PRIMENAME":"1st Avenue","ELEVTYP_F":0,"ELEVTYP_T":0},"geometry":{"type":"LineString","coordinates":[[-74.0234633169403,40.1547542501562],[-74.0237090370083,40.1539658009373],[-74.0237790806714,40.1537416627767]]}},{"type":"Feature","id":119510,"properties":{"OBJECTID":119510,"PRIMENAME":"Essex Avenue","ELEVTYP_F":0,"ELEVTYP_T":0},"geometry":{"type":"LineString","coordinates":[[-74.0318503397093,40.1477150781691],[-74.0321455011708,40.1477687880483],[-74.0343183125909,40.1481722081908]]}},{"type":"Feature","id":119732,"properties":{"OBJECTID":119732,"PRIMENAME":"Valendora Court","ELEVTYP_F":0,"ELEVTYP_T":0},"geometry":{"type":"LineString","coordinates":[[-74.031717479753,40.1604718017861],[-74.0313435302318,40.1605339569901],[-74.0311756333585,40.1605619108195],[-74.0305968821735,40.1607120664535],[-74.0304889523517,40.1607400696289]]}},{"type":"Feature","id":121348,"properties":{"OBJECTID":121348,"PRIMENAME":"Ocean Avenue","ELEVTYP_F":0,"ELEVTYP_T":0},"geometry":{"type":"LineString","coordinates":[[-74.0248113741159,40.1442733864097],[-74.0246725667696,40.1447164207802],[-74.0243088185619,40.1458773700593],[-74.0241783994379,40.1463066631311]]}},{"type":"Feature","id":121501,"properties":{"OBJECTID":121501,"PRIMENAME":"Remsen Avenue","ELEVTYP_F":0,"ELEVTYP_T":0},"geometry":{"type":"LineString","coordinates":[[-74.0188347012217,40.1651465466653],[-74.0190488488477,40.1652805549462],[-74.0194384811212,40.1655257604787]]}},{"type":"Feature","id":121887,"properties":{"OBJECTID":121887,"PRIMENAME":"H Street","ELEVTYP_F":0,"ELEVTYP_T":0},"geometry":{"type":"LineString","coordinates":[[-74.0334822087714,40.1686161477303],[-74.0333446138503,40.1693228052742],[-74.0333137989208,40.1694853931737]]}},{"type":"Feature","id":122416,"properties":{"OBJECTID":122416,"PRIMENAME":"2nd Avenue","ELEVTYP_F":0,"ELEVTYP_T":0},"geometry":{"type":"LineString","coordinates":[[-74.0256758152603,40.159428250882],[-74.0257277803278,40.1596579687181],[-74.0259027435014,40.1604299158493]]}},{"type":"Feature","id":122848,"properties":{"OBJECTID":122848,"PRIMENAME":"Warren Avenue","ELEVTYP_F":0,"ELEVTYP_T":0},"geometry":{"type":"LineString","coordinates":[[-74.0353784013382,40.1515806768523],[-74.0353454280539,40.151574500971],[-74.0352323319345,40.1515538628184],[-74.0334416539065,40.1512270629834],[-74.0333489637646,40.1512106564503]]}},{"type":"Feature","id":129125,"properties":{"OBJECTID":129125,"PRIMENAME":"Brighton Avenue","ELEVTYP_F":0,"ELEVTYP_T":0},"geometry":{"type":"LineString","coordinates":[[-74.0250106821042,40.1564368483719],[-74.0253156907125,40.156396261642],[-74.0260422070491,40.1562991441776]]}},{"type":"Feature","id":131040,"properties":{"OBJECTID":131040,"PRIMENAME":"Catherine Way","ELEVTYP_F":0,"ELEVTYP_T":0},"geometry":{"type":"LineString","coordinates":[[-74.0293522823847,40.1472574157215],[-74.029256399144,40.1473001812506],[-74.0291556360294,40.1473450966007],[-74.0290844882477,40.1473856018732],[-74.0290250835563,40.1474352148239],[-74.0289892251801,40.1474940105019],[-74.0289444658163,40.1475673745174]]}},{"type":"Feature","id":131132,"properties":{"OBJECTID":131132,"PRIMENAME":"Parkview Terrace","ELEVTYP_F":0,"ELEVTYP_T":0},"geometry":{"type":"LineString","coordinates":[[-74.0373483641894,40.1579311214182],[-74.0373824844793,40.1580121334498],[-74.0376768619578,40.1587108294731]]}},{"type":"Feature","id":131383,"properties":{"OBJECTID":131383,"PRIMENAME":"Walnut Drive","ELEVTYP_F":0,"ELEVTYP_T":0},"geometry":{"type":"LineString","coordinates":[[-74.0371624248837,40.1570181456189],[-74.0367874251938,40.1577431449406]]}},{"type":"Feature","id":133332,"properties":{"OBJECTID":133332,"PRIMENAME":"Ocean Avenue","ELEVTYP_F":0,"ELEVTYP_T":0},"geometry":{"type":"LineString","coordinates":[[-74.0205034121202,40.158056956333],[-74.0202562527479,40.1588543412991]]}},{"type":"Feature","id":142265,"properties":{"OBJECTID":142265,"PRIMENAME":"3rd Avenue","ELEVTYP_F":0,"ELEVTYP_T":0},"geometry":{"type":"LineString","coordinates":[[-74.0362667603976,40.1665335416165],[-74.0370152494611,40.1666184015306],[-74.0370588385491,40.166623022474]]}},{"type":"Feature","id":144727,"properties":{"OBJECTID":144727,"PRIMENAME":"Unnamed Segment","ELEVTYP_F":0,"ELEVTYP_T":0},"geometry":{"type":"LineString","coordinates":[[-74.0242642496813,40.1688859743636],[-74.0242428749338,40.1690055254651],[-74.0241976325308,40.1692579321337],[-74.0241845173142,40.169357943614],[-74.0241715648411,40.1694294321743],[-74.0241151369493,40.1695054363851],[-74.024040062102,40.1695766146373]]}},{"type":"Feature","id":147162,"properties":{"OBJECTID":147162,"PRIMENAME":"2nd Avenue","ELEVTYP_F":0,"ELEVTYP_T":0},"geometry":{"type":"LineString","coordinates":[[-74.0273116027893,40.1490271134452],[-74.0269963617737,40.1500421579895]]}},{"type":"Feature","id":147168,"properties":{"OBJECTID":147168,"PRIMENAME":"Unnamed Segment","ELEVTYP_F":0,"ELEVTYP_T":0},"geometry":{"type":"LineString","coordinates":[[-74.0260961867389,40.1686059661234],[-74.0260974204828,40.1686051479529],[-74.0262074232603,40.1685321478028],[-74.0263814237014,40.1684041491134],[-74.0265594237169,40.1682301490379],[-74.0268694211208,40.1679981485302],[-74.0272374219832,40.1677341478373],[-74.0273914224017,40.1676281487837],[-74.0275235506439,40.1675522231039]]}},{"type":"Feature","id":147850,"properties":{"OBJECTID":147850,"PRIMENAME":"Brighton Avenue","ELEVTYP_F":0,"ELEVTYP_T":0},"geometry":{"type":"LineString","coordinates":[[-74.020831664411,40.1570017668591],[-74.0210318603624,40.1569744011462],[-74.0228434017011,40.1567264591633]]}},{"type":"Feature","id":148492,"properties":{"OBJECTID":148492,"PRIMENAME":"Snyder Avenue","ELEVTYP_F":0,"ELEVTYP_T":0},"geometry":{"type":"LineString","coordinates":[[-74.0194467203725,40.1701420822634],[-74.0196392410275,40.1696050555402],[-74.0197849166173,40.169210065688],[-74.0198036683292,40.1691593010662]]}},{"type":"Feature","id":149352,"properties":{"OBJECTID":149352,"PRIMENAME":"Washington Avenue","ELEVTYP_F":0,"ELEVTYP_T":0},"geometry":{"type":"LineString","coordinates":[[-74.0257340274833,40.1541006699939],[-74.0275654326824,40.1544370690472],[-74.0276740230254,40.1544569757585]]}},{"type":"Feature","id":149742,"properties":{"OBJECTID":149742,"PRIMENAME":"World Street","ELEVTYP_F":0,"ELEVTYP_T":0},"geometry":{"type":"LineString","coordinates":[[-74.0353140789568,40.1669803039102],[-74.0354221594883,40.1664378046557]]}},{"type":"Feature","id":149773,"properties":{"OBJECTID":149773,"PRIMENAME":"Church Street","ELEVTYP_F":0,"ELEVTYP_T":0},"geometry":{"type":"LineString","coordinates":[[-74.0354329459018,40.1586820549213],[-74.0352401638878,40.1588185458741],[-74.0334644942196,40.1600753944005]]}},{"type":"Feature","id":149909,"properties":{"OBJECTID":149909,"PRIMENAME":"Allaire Road","ELEVTYP_F":0,"ELEVTYP_T":0},"geometry":{"type":"LineString","coordinates":[[-74.036076286373,40.1582428091466],[-74.0359248062233,40.1582939237025],[-74.0357191555348,40.1583343054218],[-74.0355710645145,40.1583446656052]]}},{"type":"Feature","id":149946,"properties":{"OBJECTID":149946,"PRIMENAME":"5th Avenue","ELEVTYP_F":0,"ELEVTYP_T":0},"geometry":{"type":"LineString","coordinates":[[-74.0339995872569,40.1491843200947],[-74.0341743538909,40.1486387120034],[-74.0343183125909,40.1481722081908]]}},{"type":"Feature","id":150098,"properties":{"OBJECTID":150098,"PRIMENAME":"Mercer Avenue","ELEVTYP_F":0,"ELEVTYP_T":0},"geometry":{"type":"LineString","coordinates":[[-74.0391042482525,40.1511929944883],[-74.038975469121,40.1511695865142],[-74.0382248495459,40.1510331469874],[-74.0380201220354,40.1509989204973],[-74.0373625653075,40.1508771773767],[-74.0369778521462,40.1508058269578]]}},{"type":"Feature","id":150717,"properties":{"OBJECTID":150717,"PRIMENAME":"South Boulevard","ELEVTYP_F":0,"ELEVTYP_T":0},"geometry":{"type":"LineString","coordinates":[[-74.0248400943589,40.1662906779212],[-74.0259130767034,40.1657345738263],[-74.026002735689,40.1656904122324]]}},{"type":"Feature","id":150933,"properties":{"OBJECTID":150933,"PRIMENAME":"Monroe Avenue","ELEVTYP_F":0,"ELEVTYP_T":0},"geometry":{"type":"LineString","coordinates":[[-74.0237372357201,40.1642735306912],[-74.0234210858321,40.164075283713],[-74.0232682062644,40.1639793660921],[-74.0227057128485,40.1636264494257]]}},{"type":"Feature","id":150989,"properties":{"OBJECTID":150989,"PRIMENAME":"4th Avenue","ELEVTYP_F":0,"ELEVTYP_T":0},"geometry":{"type":"LineString","coordinates":[[-74.0321614421244,40.1467019522205],[-74.0318794358831,40.1476247385033],[-74.0318503397093,40.1477150781691]]}},{"type":"Feature","id":151112,"properties":{"OBJECTID":151112,"PRIMENAME":"Briarwood Terrace","ELEVTYP_F":0,"ELEVTYP_T":0},"geometry":{"type":"LineString","coordinates":[[-74.0261168556227,40.1710462506738],[-74.0260929706182,40.1709815013272],[-74.0253733826908,40.1690339945109]]}},{"type":"Feature","id":151310,"properties":{"OBJECTID":151310,"PRIMENAME":"4th Avenue","ELEVTYP_F":0,"ELEVTYP_T":0},"geometry":{"type":"LineString","coordinates":[[-74.0318503397093,40.1477150781691],[-74.0315494377379,40.1486481088928],[-74.0315244081438,40.1487296517389]]}},{"type":"Feature","id":151698,"properties":{"OBJECTID":151698,"PRIMENAME":"Ocean Avenue","ELEVTYP_F":0,"ELEVTYP_T":0},"geometry":{"type":"LineString","coordinates":[[-74.0260655823433,40.1402172597633],[-74.0257881647723,40.1411617105488],[-74.0257648114457,40.1412329922286]]}},{"type":"Feature","id":151909,"properties":{"OBJECTID":151909,"PRIMENAME":"Pitney Avenue","ELEVTYP_F":0,"ELEVTYP_T":0},"geometry":{"type":"LineString","coordinates":[[-74.020860748212,40.1651108314582],[-74.0194384811212,40.1655257604787]]}},{"type":"Feature","id":152518,"properties":{"OBJECTID":152518,"PRIMENAME":"Ocean Avenue","ELEVTYP_F":0,"ELEVTYP_T":0},"geometry":{"type":"LineString","coordinates":[[-74.0257648114457,40.1412329922286],[-74.0256913907008,40.1414570363113],[-74.0254447226941,40.1422476565077]]}},{"type":"Feature","id":152604,"properties":{"OBJECTID":152604,"PRIMENAME":"Pitney Drive","ELEVTYP_F":0,"ELEVTYP_T":0},"geometry":{"type":"LineString","coordinates":[[-74.0361390166898,40.161207082852],[-74.0364976236333,40.1611637434138],[-74.0367271799306,40.1611344091639],[-74.0370385008428,40.1610991696055],[-74.0372872525612,40.1610620597646],[-74.0375298749566,40.1610105941875],[-74.0375943345276,40.1609964371441]]}},{"type":"Feature","id":152736,"properties":{"OBJECTID":152736,"PRIMENAME":"Campmeeting Street","ELEVTYP_F":0,"ELEVTYP_T":0},"geometry":{"type":"LineString","coordinates":[[-74.0347526209059,40.1663623665861],[-74.034833002311,40.1659519140894],[-74.034846200322,40.165884680069]]}},{"type":"Feature","id":153063,"properties":{"OBJECTID":153063,"PRIMENAME":"Newark Avenue","ELEVTYP_F":0,"ELEVTYP_T":0},"geometry":{"type":"LineString","coordinates":[[-74.0213214126863,40.1554364851736],[-74.021452478447,40.1554604986547],[-74.023146441649,40.1557710056582]]}},{"type":"Feature","id":153202,"properties":{"OBJECTID":153202,"PRIMENAME":"People Street","ELEVTYP_F":0,"ELEVTYP_T":0},"geometry":{"type":"LineString","coordinates":[[-74.0371510951357,40.1661481569333],[-74.0372003366804,40.1658946900619]]}},{"type":"Feature","id":153273,"properties":{"OBJECTID":153273,"PRIMENAME":"5th Avenue","ELEVTYP_F":0,"ELEVTYP_T":0},"geometry":{"type":"LineString","coordinates":[[-74.0368182474824,40.1678150745386],[-74.0372118388263,40.1678631540527],[-74.0372987603081,40.1678682507261],[-74.0373981354492,40.1678734241126],[-74.0377772426449,40.1678463326115],[-74.0380880457049,40.1678285479159],[-74.0381606315882,40.1678210961341]]}},{"type":"Feature","id":153507,"properties":{"OBJECTID":153507,"PRIMENAME":"America Street","ELEVTYP_F":0,"ELEVTYP_T":0},"geometry":{"type":"LineString","coordinates":[[-74.0360214517488,40.167717447201],[-74.0358968203012,40.1684679454833],[-74.0359012100848,40.1685536149351]]}},{"type":"Feature","id":154090,"properties":{"OBJECTID":154090,"PRIMENAME":"Ripley Lane","ELEVTYP_F":0,"ELEVTYP_T":0},"geometry":{"type":"LineString","coordinates":[[-74.0239541983933,40.1685695976001],[-74.0240467198473,40.1686234557583],[-74.0241209951309,40.1686666153466],[-74.0242013265148,40.1687289058684],[-74.0242442060675,40.1688148717015],[-74.0242642496813,40.1688859743636]]}},{"type":"Feature","id":154687,"properties":{"OBJECTID":154687,"PRIMENAME":"Essex Avenue","ELEVTYP_F":0,"ELEVTYP_T":0},"geometry":{"type":"LineString","coordinates":[[-74.037617478475,40.1487757475892],[-74.0361551126351,40.1485083563222]]}},{"type":"Feature","id":155012,"properties":{"OBJECTID":155012,"PRIMENAME":"Unnamed Segment","ELEVTYP_F":0,"ELEVTYP_T":0},"geometry":{"type":"LineString","coordinates":[[-74.0365911573832,40.1528949229118],[-74.0364609723963,40.1532631992835],[-74.0362765839084,40.1534730483723],[-74.0361148249883,40.153718087362],[-74.036056515532,40.1538845698276],[-74.0361581153692,40.1540780162368],[-74.036064786998,40.1543496516298],[-74.0359257755745,40.1546123312209],[-74.0359562578108,40.1548870980346],[-74.0358662706067,40.1549778565611]]}},{"type":"Feature","id":155089,"properties":{"OBJECTID":155089,"PRIMENAME":"Monmouth Avenue","ELEVTYP_F":0,"ELEVTYP_T":0},"geometry":{"type":"LineString","coordinates":[[-74.0282694950274,40.1459778520204],[-74.0284063600653,40.1460092389397],[-74.0302138008218,40.1463415455379]]}},{"type":"Feature","id":155248,"properties":{"OBJECTID":155248,"PRIMENAME":"1st Avenue","ELEVTYP_F":0,"ELEVTYP_T":0},"geometry":{"type":"LineString","coordinates":[[-74.0263135119187,40.1456243458772],[-74.0262142945226,40.1459411575281]]}},{"type":"Feature","id":156286,"properties":{"OBJECTID":156286,"PRIMENAME":"York Avenue","ELEVTYP_F":0,"ELEVTYP_T":0},"geometry":{"type":"LineString","coordinates":[[-74.0279007628852,40.1405542176599],[-74.026204408601,40.140242755146],[-74.0260655823433,40.1402172597633]]}},{"type":"Feature","id":156592,"properties":{"OBJECTID":156592,"PRIMENAME":"2nd Avenue","ELEVTYP_F":0,"ELEVTYP_T":0},"geometry":{"type":"LineString","coordinates":[[-74.0275619234516,40.1482209124979],[-74.0275142821976,40.148374343808],[-74.0273116027893,40.1490271134452]]}},{"type":"Feature","id":157412,"properties":{"OBJECTID":157412,"PRIMENAME":"South Boulevard","ELEVTYP_F":0,"ELEVTYP_T":0},"geometry":{"type":"LineString","coordinates":[[-74.026002735689,40.1656904122324],[-74.0266611520818,40.1653658962529],[-74.0277085774683,40.1648220525365],[-74.0279371548068,40.1647040040519]]}},{"type":"Feature","id":157536,"properties":{"OBJECTID":157536,"PRIMENAME":"Essex Avenue","ELEVTYP_F":0,"ELEVTYP_T":0},"geometry":{"type":"LineString","coordinates":[[-74.0293522823847,40.1472574157215],[-74.0298950259669,40.1473583954707]]}},{"type":"Feature","id":158488,"properties":{"OBJECTID":158488,"PRIMENAME":"Warren Avenue","ELEVTYP_F":0,"ELEVTYP_T":0},"geometry":{"type":"LineString","coordinates":[[-74.0366566698844,40.1518201876409],[-74.0354555136867,40.1515951206311]]}},{"type":"Feature","id":158814,"properties":{"OBJECTID":158814,"PRIMENAME":"Unnamed Segment","ELEVTYP_F":0,"ELEVTYP_T":0},"geometry":{"type":"LineString","coordinates":[[-74.0371624248837,40.1570181456189],[-74.037119424606,40.1570001465588],[-74.036496663489,40.1568089582634]]}},{"type":"Feature","id":158930,"properties":{"OBJECTID":158930,"PRIMENAME":"Tuttle Avenue","ELEVTYP_F":0,"ELEVTYP_T":0},"geometry":{"type":"LineString","coordinates":[[-74.023303077685,40.1587130797706],[-74.0243004058116,40.1585797250002],[-74.0245761683073,40.1585427930439],[-74.0254489699369,40.1584258984293]]}},{"type":"Feature","id":159737,"properties":{"OBJECTID":159737,"PRIMENAME":"Passaic Avenue","ELEVTYP_F":0,"ELEVTYP_T":0},"geometry":{"type":"LineString","coordinates":[[-74.0285464965233,40.1514042096493],[-74.0284215923652,40.1513815514842]]}},{"type":"Feature","id":160322,"properties":{"OBJECTID":160322,"PRIMENAME":"Washington Avenue","ELEVTYP_F":0,"ELEVTYP_T":0},"geometry":{"type":"LineString","coordinates":[[-74.0237790806714,40.1537416627767],[-74.0240357046473,40.1537887012682],[-74.0246085879213,40.1538939385482],[-74.0257340274833,40.1541006699939]]}},{"type":"Feature","id":160902,"properties":{"OBJECTID":160902,"PRIMENAME":"1st Avenue","ELEVTYP_F":0,"ELEVTYP_T":0},"geometry":{"type":"LineString","coordinates":[[-74.0253628297847,40.1486693659012],[-74.0254278878991,40.148460963512],[-74.0256784085787,40.1476545467447]]}},{"type":"Feature","id":161739,"properties":{"OBJECTID":161739,"PRIMENAME":"Morris Avenue","ELEVTYP_F":0,"ELEVTYP_T":0},"geometry":{"type":"LineString","coordinates":[[-74.0283068605912,40.1524293924911],[-74.030261291342,40.1527885968336]]}},{"type":"Feature","id":162335,"properties":{"OBJECTID":162335,"PRIMENAME":"Pitney Avenue","ELEVTYP_F":0,"ELEVTYP_T":0},"geometry":{"type":"LineString","coordinates":[[-74.0194384811212,40.1655257604787],[-74.0191610894515,40.1656066651966],[-74.0181815186888,40.1658949921254]]}},{"type":"Feature","id":163322,"properties":{"OBJECTID":163322,"PRIMENAME":"Ocean Avenue","ELEVTYP_F":0,"ELEVTYP_T":0},"geometry":{"type":"LineString","coordinates":[[-74.0241783994379,40.1463066631311],[-74.0239984386833,40.1468989595562],[-74.0238660363797,40.1473197343998]]}},{"type":"Feature","id":163327,"properties":{"OBJECTID":163327,"PRIMENAME":"The Terrace","ELEVTYP_F":0,"ELEVTYP_T":0},"geometry":{"type":"LineString","coordinates":[[-74.0306257719215,40.1380239819156],[-74.0307528540087,40.138066417443],[-74.0308332869383,40.1381096248755],[-74.0312177054071,40.1381969717668],[-74.0315897454455,40.1382795180101],[-74.0321353937186,40.1384008418857],[-74.0322965244715,40.1384491785507],[-74.0324329268729,40.1384783350734],[-74.0325570164944,40.1384931388827],[-74.0326997740252,40.1385032415667],[-74.0328364417043,40.1384990157543],[-74.0329132801566,40.1385085496023]]}},{"type":"Feature","id":163891,"properties":{"OBJECTID":163891,"PRIMENAME":"Newark Avenue","ELEVTYP_F":0,"ELEVTYP_T":0},"geometry":{"type":"LineString","coordinates":[[-74.023146441649,40.1557710056582],[-74.0233941748395,40.1558164165498],[-74.0245936572436,40.156035078076],[-74.0250961712451,40.1561266804167]]}},{"type":"Feature","id":164101,"properties":{"OBJECTID":164101,"PRIMENAME":"Ocean Avenue","ELEVTYP_F":0,"ELEVTYP_T":0},"geometry":{"type":"LineString","coordinates":[[-74.0188181105487,40.1625143625688],[-74.0188155933674,40.162521215285],[-74.0185320290456,40.1633053775452],[-74.0184327876194,40.1635914618936]]}},{"type":"Feature","id":165152,"properties":{"OBJECTID":165152,"PRIMENAME":"Pitney Avenue","ELEVTYP_F":0,"ELEVTYP_T":0},"geometry":{"type":"LineString","coordinates":[[-74.0181815186888,40.1658949921254],[-74.0178383549524,40.1659960176195],[-74.0178039672291,40.1660061412518],[-74.0176579520251,40.1660490736817]]}},{"type":"Feature","id":165264,"properties":{"OBJECTID":165264,"PRIMENAME":"Union Avenue","ELEVTYP_F":0,"ELEVTYP_T":0},"geometry":{"type":"LineString","coordinates":[[-74.0275837545545,40.1415682142671],[-74.0258930643447,40.1412566604299],[-74.0257648114457,40.1412329922286]]}},{"type":"Feature","id":165301,"properties":{"OBJECTID":165301,"PRIMENAME":"Ocean Avenue","ELEVTYP_F":0,"ELEVTYP_T":0},"geometry":{"type":"LineString","coordinates":[[-74.0184327876194,40.1635914618936],[-74.0183053486319,40.1639588259155],[-74.0180870227034,40.1645881775404],[-74.0180620547445,40.1646630200229]]}},{"type":"Feature","id":166167,"properties":{"OBJECTID":166167,"PRIMENAME":"Campmeeting Street","ELEVTYP_F":0,"ELEVTYP_T":0},"geometry":{"type":"LineString","coordinates":[[-74.0345213381611,40.1675428937566],[-74.0346399093167,40.166937734897],[-74.0346473248283,40.1668998524173]]}},{"type":"Feature","id":166793,"properties":{"OBJECTID":166793,"PRIMENAME":"Allaire Road","ELEVTYP_F":0,"ELEVTYP_T":0},"geometry":{"type":"LineString","coordinates":[[-74.0394406169497,40.1574207135189],[-74.0388959559661,40.1575521311877],[-74.0381726117229,40.1577309859372],[-74.0373483641894,40.1579311214182]]}},{"type":"Feature","id":167155,"properties":{"OBJECTID":167155,"PRIMENAME":"1st Avenue","ELEVTYP_F":0,"ELEVTYP_T":0},"geometry":{"type":"LineString","coordinates":[[-74.0237574163335,40.1607196881707],[-74.0235419537353,40.159796937921],[-74.0235242706047,40.159716099385]]}},{"type":"Feature","id":167172,"properties":{"OBJECTID":167172,"PRIMENAME":"4th Avenue","ELEVTYP_F":0,"ELEVTYP_T":0},"geometry":{"type":"LineString","coordinates":[[-74.0331121044098,40.1436585229629],[-74.032795946555,40.1446722891444]]}},{"type":"Feature","id":167498,"properties":{"OBJECTID":167498,"PRIMENAME":"Unnamed Segment","ELEVTYP_F":0,"ELEVTYP_T":0},"geometry":{"type":"LineString","coordinates":[[-74.0335314248365,40.1636681480192],[-74.0334524915034,40.1640208504288],[-74.0334524248961,40.1640211482854],[-74.0333824245858,40.164360146754],[-74.0333264248587,40.1644261471192],[-74.0325397672854,40.1646472583139]]}},{"type":"Feature","id":168330,"properties":{"OBJECTID":168330,"PRIMENAME":"Pennsylvania Avenue","ELEVTYP_F":0,"ELEVTYP_T":0},"geometry":{"type":"LineString","coordinates":[[-74.0272660931327,40.1425820972643],[-74.027560260752,40.1426361174081],[-74.0292151442298,40.1429379198708]]}},{"type":"Feature","id":169128,"properties":{"OBJECTID":169128,"PRIMENAME":"3rd Avenue","ELEVTYP_F":0,"ELEVTYP_T":0},"geometry":{"type":"LineString","coordinates":[[-74.0311625444147,40.143297684016],[-74.0313226773977,40.1427848818507],[-74.0313526680847,40.1426890003549]]}},{"type":"Feature","id":169590,"properties":{"OBJECTID":169590,"PRIMENAME":"5th Avenue","ELEVTYP_F":0,"ELEVTYP_T":0},"geometry":{"type":"LineString","coordinates":[[-74.0320540618289,40.1552597721257],[-74.0321234165056,40.1551790946894],[-74.0324107889209,40.1542552877394]]}},{"type":"Feature","id":170008,"properties":{"OBJECTID":170008,"PRIMENAME":"1st Avenue","ELEVTYP_F":0,"ELEVTYP_T":0},"geometry":{"type":"LineString","coordinates":[[-74.0242485562883,40.1624968864702],[-74.0240333589433,40.1618059211865],[-74.024001093869,40.1617174453889]]}},{"type":"Feature","id":170516,"properties":{"OBJECTID":170516,"PRIMENAME":"North Boulevard","ELEVTYP_F":0,"ELEVTYP_T":0},"geometry":{"type":"LineString","coordinates":[[-74.0203341935909,40.1692039139959],[-74.0198036683292,40.1691593010662]]}},{"type":"Feature","id":170532,"properties":{"OBJECTID":170532,"PRIMENAME":"2nd Avenue","ELEVTYP_F":0,"ELEVTYP_T":0},"geometry":{"type":"LineString","coordinates":[[-74.026039525996,40.1530823509323],[-74.0257340274833,40.1541006699939]]}},{"type":"Feature","id":170668,"properties":{"OBJECTID":170668,"PRIMENAME":"A Street","ELEVTYP_F":0,"ELEVTYP_T":0},"geometry":{"type":"LineString","coordinates":[[-74.0189746601504,40.1688254387971],[-74.0189420654257,40.1689158422724],[-74.0188924266326,40.1690535037635]]}},{"type":"Feature","id":170942,"properties":{"OBJECTID":170942,"PRIMENAME":"2nd Avenue","ELEVTYP_F":0,"ELEVTYP_T":0},"geometry":{"type":"LineString","coordinates":[[-74.0285808257911,40.1449691020021],[-74.0288669166825,40.1440760445142],[-74.028903515675,40.1439563341893]]}},{"type":"Feature","id":171294,"properties":{"OBJECTID":171294,"PRIMENAME":"3rd Avenue","ELEVTYP_F":0,"ELEVTYP_T":0},"geometry":{"type":"LineString","coordinates":[[-74.0285464965233,40.1514042096493],[-74.0286046921797,40.1514577047638],[-74.0283068605912,40.1524293924911]]}},{"type":"Feature","id":171480,"properties":{"OBJECTID":171480,"PRIMENAME":"18th Avenue","ELEVTYP_F":0,"ELEVTYP_T":0},"geometry":{"type":"LineString","coordinates":[[-74.0329757979887,40.169558013839],[-74.0329114241356,40.1692351481839],[-74.0328924231361,40.1692101479487],[-74.0328614239842,40.1691951490757],[-74.0327804247443,40.1691711488085],[-74.0327634249134,40.1691551490032],[-74.0327594239427,40.1691061485467],[-74.0328854247438,40.1686091481455],[-74.0329174262496,40.1685931487931],[-74.0334094254135,40.1686131488069],[-74.0334822087714,40.1686161477303]]}},{"type":"Feature","id":171888,"properties":{"OBJECTID":171888,"PRIMENAME":"Fernwood Road","ELEVTYP_F":0,"ELEVTYP_T":0},"geometry":{"type":"LineString","coordinates":[[-74.0260961867389,40.1686059661234],[-74.026090900749,40.1685984310265],[-74.0260477185581,40.1685505966626],[-74.0259797391315,40.1685026328432],[-74.0258929139358,40.168478475111],[-74.0258418399519,40.1684635533773]]}},{"type":"Feature","id":172121,"properties":{"OBJECTID":172121,"PRIMENAME":"Monmouth Avenue","ELEVTYP_F":0,"ELEVTYP_T":0},"geometry":{"type":"LineString","coordinates":[[-74.0302138008218,40.1463415455379],[-74.0312162271121,40.1465258353843],[-74.0321614421244,40.1467019522205]]}},{"type":"Feature","id":172443,"properties":{"OBJECTID":172443,"PRIMENAME":"5th Avenue","ELEVTYP_F":0,"ELEVTYP_T":0},"geometry":{"type":"LineString","coordinates":[[-74.0337128035538,40.167446356212],[-74.0338162788321,40.1674587149857],[-74.0345213381611,40.1675428937566]]}},{"type":"Feature","id":172559,"properties":{"OBJECTID":172559,"PRIMENAME":"Lorraine Avenue","ELEVTYP_F":0,"ELEVTYP_T":0},"geometry":{"type":"LineString","coordinates":[[-74.0203119004279,40.1634541464245],[-74.0211374225256,40.1639705733067],[-74.0221749667113,40.1646196153883],[-74.0222932100347,40.1646937860545]]}},{"type":"Feature","id":172829,"properties":{"OBJECTID":172829,"PRIMENAME":"Ocean Avenue","ELEVTYP_F":0,"ELEVTYP_T":0},"geometry":{"type":"LineString","coordinates":[[-74.0235456137037,40.1483381512437],[-74.0232748664841,40.1491986721936],[-74.0232271004147,40.1493531991135]]}},{"type":"Feature","id":172938,"properties":{"OBJECTID":172938,"PRIMENAME":"Tuttle Avenue","ELEVTYP_F":0,"ELEVTYP_T":0},"geometry":{"type":"LineString","coordinates":[[-74.0322631980742,40.1575104570151],[-74.033794468925,40.1573076619765]]}},{"type":"Feature","id":173640,"properties":{"OBJECTID":173640,"PRIMENAME":"Railroad Avenue","ELEVTYP_F":0,"ELEVTYP_T":0},"geometry":{"type":"LineString","coordinates":[[-74.0332197251707,40.1615640128142],[-74.0331932907564,40.1615840580563],[-74.0331822240113,40.1616063602073],[-74.0331710629163,40.1616426081037],[-74.032932937446,40.162696677948],[-74.0329196212244,40.1627556277572],[-74.0329045656273,40.1628222218213]]}},{"type":"Feature","id":173762,"properties":{"OBJECTID":173762,"PRIMENAME":"Synder Avenue","ELEVTYP_F":0,"ELEVTYP_T":0},"geometry":{"type":"LineString","coordinates":[[-74.0373586104688,40.1624139808564],[-74.037452055313,40.162402002265],[-74.0376324125012,40.1623836705358],[-74.0377754726203,40.1623460817185],[-74.0378633836154,40.1623151916456],[-74.0379436657944,40.1622800432715],[-74.0380558314492,40.1622233336765],[-74.0380715168414,40.1622139202007]]}},{"type":"Feature","id":175862,"properties":{"OBJECTID":175862,"PRIMENAME":"3rd Avenue","ELEVTYP_F":0,"ELEVTYP_T":0},"geometry":{"type":"LineString","coordinates":[[-74.0295851977208,40.1483735783886],[-74.0296334193242,40.1481923382224],[-74.0298950259669,40.1473583954707]]}},{"type":"Feature","id":176051,"properties":{"OBJECTID":176051,"PRIMENAME":"2nd Avenue","ELEVTYP_F":0,"ELEVTYP_T":0},"geometry":{"type":"LineString","coordinates":[[-74.0355171989763,40.1659605359645],[-74.0363608191107,40.1660573932514]]}},{"type":"Feature","id":176362,"properties":{"OBJECTID":176362,"PRIMENAME":"Union Avenue","ELEVTYP_F":0,"ELEVTYP_T":0},"geometry":{"type":"LineString","coordinates":[[-74.0295241061976,40.1419263298684],[-74.0294345782537,40.1419097691212],[-74.0276917153763,40.1415881184034],[-74.0275837545545,40.1415682142671]]}},{"type":"Feature","id":177125,"properties":{"OBJECTID":177125,"PRIMENAME":"Madison Avenue","ELEVTYP_F":0,"ELEVTYP_T":0},"geometry":{"type":"LineString","coordinates":[[-74.0234633169403,40.1547542501562],[-74.0231969735538,40.1547051114207],[-74.0217701785428,40.1544418300291],[-74.0216391519752,40.1544176792643]]}},{"type":"Feature","id":177873,"properties":{"OBJECTID":177873,"PRIMENAME":"Mercer Avenue","ELEVTYP_F":0,"ELEVTYP_T":0},"geometry":{"type":"LineString","coordinates":[[-74.0253628297847,40.1486693659012],[-74.0251027579778,40.1486218496474],[-74.0246459247854,40.1485386238404],[-74.0236574808322,40.1483585426608],[-74.0235456137037,40.1483381512437]]}},{"type":"Feature","id":178290,"properties":{"OBJECTID":178290,"PRIMENAME":"Tuttle Avenue","ELEVTYP_F":0,"ELEVTYP_T":0},"geometry":{"type":"LineString","coordinates":[[-74.0215978535984,40.1589465330134],[-74.0231936688611,40.1587276733509],[-74.023303077685,40.1587130797706]]}},{"type":"Feature","id":180007,"properties":{"OBJECTID":180007,"PRIMENAME":"6th Avenue","ELEVTYP_F":0,"ELEVTYP_T":0},"geometry":{"type":"LineString","coordinates":[[-74.0384141452943,40.1381358889963],[-74.0382201544723,40.1385396891503],[-74.038062692651,40.1388678916896],[-74.0379177703901,40.1391771188941],[-74.0378108251563,40.1393768789046]]}},{"type":"Feature","id":181886,"properties":{"OBJECTID":181886,"PRIMENAME":"2nd Avenue","ELEVTYP_F":0,"ELEVTYP_T":0},"geometry":{"type":"LineString","coordinates":[[-74.0269963617737,40.1500421579895],[-74.0269262763708,40.1502679724595],[-74.026917137615,40.1502974198321],[-74.0266745861778,40.151059259849]]}},{"type":"Feature","id":182116,"properties":{"OBJECTID":182116,"PRIMENAME":"Brighton Lane","ELEVTYP_F":0,"ELEVTYP_T":0},"geometry":{"type":"LineString","coordinates":[[-74.0343628009216,40.1562785470323],[-74.0344071299622,40.1561843150328],[-74.0346125156303,40.1552176212742],[-74.0346290764253,40.1551396393316]]}},{"type":"Feature","id":182284,"properties":{"OBJECTID":182284,"PRIMENAME":"Pitney Avenue","ELEVTYP_F":0,"ELEVTYP_T":0},"geometry":{"type":"LineString","coordinates":[[-74.0302704657735,40.1623716349939],[-74.029316680516,40.1626493727164]]}},{"type":"Feature","id":183021,"properties":{"OBJECTID":183021,"PRIMENAME":"Ocean Road","ELEVTYP_F":0,"ELEVTYP_T":0},"geometry":{"type":"LineString","coordinates":[[-74.0294013532731,40.1423288118763],[-74.029642227607,40.1423732619592],[-74.0299836478743,40.1424362666404],[-74.0313526680847,40.1426890003549]]}},{"type":"Feature","id":184377,"properties":{"OBJECTID":184377,"PRIMENAME":"3rd Avenue","ELEVTYP_F":0,"ELEVTYP_T":0},"geometry":{"type":"LineString","coordinates":[[-74.0339443792354,40.1662722005409],[-74.0340355946745,40.1662823688551],[-74.0347526209059,40.1663623665861]]}},{"type":"Feature","id":184941,"properties":{"OBJECTID":184941,"PRIMENAME":"Vroom Avenue","ELEVTYP_F":0,"ELEVTYP_T":0},"geometry":{"type":"LineString","coordinates":[[-74.024001093869,40.1617174453889],[-74.0242849752213,40.1616776527594],[-74.0245545499221,40.1616421878987],[-74.0252884141583,40.1615456360195],[-74.0261510727015,40.1614321352462]]}},{"type":"Feature","id":185160,"properties":{"OBJECTID":185160,"PRIMENAME":"4th Avenue","ELEVTYP_F":0,"ELEVTYP_T":0},"geometry":{"type":"LineString","coordinates":[[-74.0369524640205,40.1671690994739],[-74.0361982243912,40.1670870163283],[-74.0361580002344,40.1670821608543]]}},{"type":"Feature","id":185705,"properties":{"OBJECTID":185705,"PRIMENAME":"America Street","ELEVTYP_F":0,"ELEVTYP_T":0},"geometry":{"type":"LineString","coordinates":[[-74.0362667603976,40.1665335416165],[-74.0361675250947,40.1670392086985],[-74.0361580002344,40.1670821608543]]}},{"type":"Feature","id":185871,"properties":{"OBJECTID":185871,"PRIMENAME":"1st Avenue","ELEVTYP_F":0,"ELEVTYP_T":0},"geometry":{"type":"LineString","coordinates":[[-74.0247134719852,40.1639896724257],[-74.0247121113106,40.1639853021484],[-74.0246637387518,40.1638299957893],[-74.0245420144866,40.1634391532899],[-74.0242485562883,40.1624968864702]]}},{"type":"Feature","id":185878,"properties":{"OBJECTID":185878,"PRIMENAME":"18th Avenue","ELEVTYP_F":0,"ELEVTYP_T":0},"geometry":{"type":"LineString","coordinates":[[-74.0367400184017,40.1691632408489],[-74.0363334412249,40.1691713316978]]}},{"type":"Feature","id":186201,"properties":{"OBJECTID":186201,"PRIMENAME":"5th Avenue","ELEVTYP_F":0,"ELEVTYP_T":0},"geometry":{"type":"LineString","coordinates":[[-74.0345213381611,40.1675428937566],[-74.0350143331921,40.1676017291236],[-74.0351915063232,40.1676220140673]]}},{"type":"Feature","id":188003,"properties":{"OBJECTID":188003,"PRIMENAME":"1st Avenue","ELEVTYP_F":0,"ELEVTYP_T":0},"geometry":{"type":"LineString","coordinates":[[-74.0235242706047,40.159716099385],[-74.023333814146,40.1588459134092],[-74.023303077685,40.1587130797706]]}},{"type":"Feature","id":188049,"properties":{"OBJECTID":188049,"PRIMENAME":"2nd Avenue","ELEVTYP_F":0,"ELEVTYP_T":0},"geometry":{"type":"LineString","coordinates":[[-74.0254188889085,40.1551147207506],[-74.0252843876564,40.1555430095903],[-74.0250961712451,40.1561266804167]]}},{"type":"Feature","id":188197,"properties":{"OBJECTID":188197,"PRIMENAME":"1st Avenue","ELEVTYP_F":0,"ELEVTYP_T":0},"geometry":{"type":"LineString","coordinates":[[-74.0240960660229,40.1527269096241],[-74.0244128235824,40.1517128137736]]}},{"type":"Feature","id":190784,"properties":{"OBJECTID":190784,"PRIMENAME":"6th Avenue","ELEVTYP_F":0,"ELEVTYP_T":0},"geometry":{"type":"LineString","coordinates":[[-74.0372980791269,40.1497938229614],[-74.0374857409965,40.1491999722571],[-74.037617478475,40.1487757475892]]}},{"type":"Feature","id":190867,"properties":{"OBJECTID":190867,"PRIMENAME":"Fernwood Road","ELEVTYP_F":0,"ELEVTYP_T":0},"geometry":{"type":"LineString","coordinates":[[-74.0269505034075,40.1708650395892],[-74.0269206429705,40.1707847013745],[-74.0261277875838,40.1686510168082],[-74.0260961867389,40.1686059661234]]}},{"type":"Feature","id":191161,"properties":{"OBJECTID":191161,"PRIMENAME":"Monmouth Avenue","ELEVTYP_F":0,"ELEVTYP_T":0},"geometry":{"type":"LineString","coordinates":[[-74.0263135119187,40.1456243458772],[-74.0267068968407,40.1456877231762],[-74.027034672893,40.1457461917723]]}},{"type":"Feature","id":192707,"properties":{"OBJECTID":192707,"PRIMENAME":"Howell Avenue","ELEVTYP_F":0,"ELEVTYP_T":0},"geometry":{"type":"LineString","coordinates":[[-74.0195732207099,40.1643003621557],[-74.0193537384566,40.16416199501],[-74.0190306490041,40.1639618410471],[-74.0184792796231,40.1636202608213],[-74.0184327876194,40.1635914618936]]}},{"type":"Feature","id":192963,"properties":{"OBJECTID":192963,"PRIMENAME":"Saint Clair Avenue","ELEVTYP_F":0,"ELEVTYP_T":0},"geometry":{"type":"LineString","coordinates":[[-74.0230725072534,40.1577166094229],[-74.0219449596103,40.1578694292123],[-74.0205957365333,40.1580449569696],[-74.0205034121202,40.158056956333]]}},{"type":"Feature","id":193163,"properties":{"OBJECTID":193163,"PRIMENAME":"South Boulevard","ELEVTYP_F":0,"ELEVTYP_T":0},"geometry":{"type":"LineString","coordinates":[[-74.0176467953423,40.1660832602047],[-74.0177342733147,40.1661964832583],[-74.017840667519,40.1663342177315],[-74.0179558920449,40.1664833815537],[-74.0180545532601,40.166583857677],[-74.0181410696272,40.166650955357],[-74.018221428086,40.1667084738497],[-74.0183329128596,40.1667565952983],[-74.0184630068679,40.1668095712352],[-74.0185870775245,40.1668339164256],[-74.0186864160355,40.1668438549956],[-74.0192827420562,40.1668511095817],[-74.0196493377938,40.1668478538483],[-74.020917502278,40.1667292143336],[-74.0212948764823,40.1666941256654]]}},{"type":"Feature","id":193660,"properties":{"OBJECTID":193660,"PRIMENAME":"Twenty Second Avenue","ELEVTYP_F":0,"ELEVTYP_T":0},"geometry":{"type":"LineString","coordinates":[[-74.0301362910533,40.1667511238998],[-74.0277277885544,40.1672753905784],[-74.0275312502849,40.1673181563872]]}},{"type":"Feature","id":193861,"properties":{"OBJECTID":193861,"PRIMENAME":"Ocean Avenue","ELEVTYP_F":0,"ELEVTYP_T":0},"geometry":{"type":"LineString","coordinates":[[-74.0172258996453,40.1672837310562],[-74.0171431510417,40.1675103678127],[-74.0167481885073,40.1685921524751]]}},{"type":"Feature","id":193983,"properties":{"OBJECTID":193983,"PRIMENAME":"4th Avenue","ELEVTYP_F":0,"ELEVTYP_T":0},"geometry":{"type":"LineString","coordinates":[[-74.029975635687,40.1588517882504],[-74.0300603236413,40.1592467109743],[-74.0301809029334,40.1597762156571],[-74.0301987299374,40.159852826881]]}},{"type":"Feature","id":194172,"properties":{"OBJECTID":194172,"PRIMENAME":"Saint Clair Avenue","ELEVTYP_F":0,"ELEVTYP_T":0},"geometry":{"type":"LineString","coordinates":[[-74.0273644343699,40.1571412827474],[-74.0252226161133,40.1574258810485]]}},{"type":"Feature","id":194338,"properties":{"OBJECTID":194338,"PRIMENAME":"6th Avenue","ELEVTYP_F":0,"ELEVTYP_T":0},"geometry":{"type":"LineString","coordinates":[[-74.0367196660445,40.1685353700727],[-74.0366356639864,40.168537642293],[-74.0359012100848,40.1685536149351]]}},{"type":"Feature","id":194363,"properties":{"OBJECTID":194363,"PRIMENAME":"Brighton Avenue","ELEVTYP_F":0,"ELEVTYP_T":0},"geometry":{"type":"LineString","coordinates":[[-74.034575015042,40.1551467058517],[-74.0346290764253,40.1551396393316]]}},{"type":"Feature","id":195855,"properties":{"OBJECTID":195855,"PRIMENAME":"East Lake Avenue","ELEVTYP_F":0,"ELEVTYP_T":0},"geometry":{"type":"LineString","coordinates":[[-74.0265889921114,40.1465737492892],[-74.0267030249623,40.1467663029833]]}},{"type":"Feature","id":195949,"properties":{"OBJECTID":195949,"PRIMENAME":"Worthington Avenue","ELEVTYP_F":0,"ELEVTYP_T":0},"geometry":{"type":"LineString","coordinates":[[-74.0327163789762,40.1595145837805],[-74.0326114455979,40.1595286828268],[-74.0301987299374,40.159852826881]]}},{"type":"Feature","id":196779,"properties":{"OBJECTID":196779,"PRIMENAME":"Campmeeting Street","ELEVTYP_F":0,"ELEVTYP_T":0},"geometry":{"type":"LineString","coordinates":[[-74.0343853638897,40.1692596263158],[-74.0343635086539,40.1692005421678],[-74.0342963981172,40.1690191664796],[-74.034297049714,40.1689238259513],[-74.0343440431956,40.1685718513602]]}},{"type":"Feature","id":197107,"properties":{"OBJECTID":197107,"PRIMENAME":"Ludlow Avenue","ELEVTYP_F":0,"ELEVTYP_T":0},"geometry":{"type":"LineString","coordinates":[[-74.0212629551122,40.1600263763599],[-74.0211656778646,40.1600300100656],[-74.0200986422819,40.1598301837236],[-74.0199616402977,40.1598045237812]]}},{"type":"Feature","id":197202,"properties":{"OBJECTID":197202,"PRIMENAME":"Ocean Avenue","ELEVTYP_F":0,"ELEVTYP_T":0},"geometry":{"type":"LineString","coordinates":[[-74.0176467953423,40.1660832602047],[-74.0174081862472,40.1667861544798],[-74.0173425913907,40.1669652061866],[-74.0172258996453,40.1672837310562]]}},{"type":"Feature","id":197554,"properties":{"OBJECTID":197554,"PRIMENAME":"Prospect Avenue","ELEVTYP_F":0,"ELEVTYP_T":0},"geometry":{"type":"LineString","coordinates":[[-74.0195732207099,40.1643003621557],[-74.0198656007167,40.1639653063823],[-74.0202491352491,40.1635257849042],[-74.0203119004279,40.1634541464245]]}},{"type":"Feature","id":198620,"properties":{"OBJECTID":198620,"PRIMENAME":"Devon Court","ELEVTYP_F":0,"ELEVTYP_T":0},"geometry":{"type":"LineString","coordinates":[[-74.0335664241261,40.1633331470481],[-74.0334344231067,40.1633681479322],[-74.0328784240061,40.1634801474791]]}},{"type":"Feature","id":198910,"properties":{"OBJECTID":198910,"PRIMENAME":"Saint Clair Avenue","ELEVTYP_F":0,"ELEVTYP_T":0},"geometry":{"type":"LineString","coordinates":[[-74.0363129783867,40.1568527236701],[-74.0362041427499,40.1568206621852],[-74.0351206092585,40.156501625554]]}},{"type":"Feature","id":199096,"properties":{"OBJECTID":199096,"PRIMENAME":"5th Avenue","ELEVTYP_F":0,"ELEVTYP_T":0},"geometry":{"type":"LineString","coordinates":[[-74.0336787905183,40.1501997992431],[-74.0337809166784,40.1498667961333],[-74.0339995872569,40.1491843200947]]}},{"type":"Feature","id":199159,"properties":{"OBJECTID":199159,"PRIMENAME":"Ludlow Avenue","ELEVTYP_F":0,"ELEVTYP_T":0},"geometry":{"type":"LineString","coordinates":[[-74.029975635687,40.1588517882504],[-74.0284263924558,40.159065111803],[-74.0278196524179,40.159145217112]]}},{"type":"Feature","id":199856,"properties":{"OBJECTID":199856,"PRIMENAME":"H Street","ELEVTYP_F":0,"ELEVTYP_T":0},"geometry":{"type":"LineString","coordinates":[[-74.0341672784358,40.1651395476792],[-74.0341443137439,40.1652603282504],[-74.0340386082661,40.1657944074103]]}},{"type":"Feature","id":200133,"properties":{"OBJECTID":200133,"PRIMENAME":"Sussex Avenue","ELEVTYP_F":0,"ELEVTYP_T":0},"geometry":{"type":"LineString","coordinates":[[-74.0315244081438,40.1487296517389],[-74.0313627687877,40.1486997876733],[-74.0296631585647,40.1483878412293],[-74.0295851977208,40.1483735783886]]}},{"type":"Feature","id":200576,"properties":{"OBJECTID":200576,"PRIMENAME":"Wyckham Road","ELEVTYP_F":0,"ELEVTYP_T":0},"geometry":{"type":"LineString","coordinates":[[-74.0367414604305,40.1597519682609],[-74.0366864250187,40.1596201460667],[-74.0366714245201,40.1595561467529],[-74.0366674231667,40.1594911466612],[-74.0366724246229,40.159427147222],[-74.0366904239905,40.1593561474647],[-74.0367224249062,40.1592781459944],[-74.0368894264462,40.1589471466301],[-74.036906424292,40.1588861457832],[-74.0369074267147,40.1588341463095],[-74.036898426908,40.1587931473719],[-74.0368084241307,40.1585601470304]]}},{"type":"Feature","id":201305,"properties":{"OBJECTID":201305,"PRIMENAME":"Pitney Avenue","ELEVTYP_F":0,"ELEVTYP_T":0},"geometry":{"type":"LineString","coordinates":[[-74.0314346661896,40.1620326437158],[-74.0313306552199,40.1620629152245],[-74.0304237976765,40.1623269878727],[-74.0302704657735,40.1623716349939]]}},{"type":"Feature","id":201738,"properties":{"OBJECTID":201738,"PRIMENAME":"Surf Avenue","ELEVTYP_F":0,"ELEVTYP_T":0},"geometry":{"type":"LineString","coordinates":[[-74.0176551746083,40.1687872800039],[-74.0176759805894,40.1687294692695],[-74.0179928593726,40.167849061571],[-74.0180301639869,40.1677453632223]]}},{"type":"Feature","id":202959,"properties":{"OBJECTID":202959,"PRIMENAME":"4th Avenue","ELEVTYP_F":0,"ELEVTYP_T":0},"geometry":{"type":"LineString","coordinates":[[-74.0324721176095,40.145686902365],[-74.0321907540601,40.1466060408105],[-74.0321614421244,40.1467019522205]]}},{"type":"Feature","id":203902,"properties":{"OBJECTID":203902,"PRIMENAME":"Sussex Avenue","ELEVTYP_F":0,"ELEVTYP_T":0},"geometry":{"type":"LineString","coordinates":[[-74.0238660363797,40.1473197343998],[-74.0239751137192,40.1473398933728],[-74.0246534074081,40.1474652004001],[-74.0256784085787,40.1476545467447]]}},{"type":"Feature","id":205223,"properties":{"OBJECTID":205223,"PRIMENAME":"Synder Avenue","ELEVTYP_F":0,"ELEVTYP_T":0},"geometry":{"type":"LineString","coordinates":[[-74.0345861638722,40.1630127626087],[-74.0346960862286,40.1629867127061],[-74.0354677196541,40.1628039557805],[-74.0367928069843,40.1625185114459],[-74.0371038734229,40.1624530456995],[-74.0372717724299,40.162425110315],[-74.0373586104688,40.1624139808564]]}},{"type":"Feature","id":205553,"properties":{"OBJECTID":205553,"PRIMENAME":"Worthington Avenue","ELEVTYP_F":0,"ELEVTYP_T":0},"geometry":{"type":"LineString","coordinates":[[-74.0301987299374,40.159852826881],[-74.0299254364833,40.159889547163],[-74.0281907015628,40.1601208096987],[-74.0280584052003,40.1601384435696]]}},{"type":"Feature","id":206960,"properties":{"OBJECTID":206960,"PRIMENAME":"Essex Avenue","ELEVTYP_F":0,"ELEVTYP_T":0},"geometry":{"type":"LineString","coordinates":[[-74.0283507939463,40.1470711086539],[-74.0284857738413,40.1470962289598],[-74.0293522823847,40.1472574157215]]}},{"type":"Feature","id":207083,"properties":{"OBJECTID":207083,"PRIMENAME":"Margerum Avenue","ELEVTYP_F":0,"ELEVTYP_T":0},"geometry":{"type":"LineString","coordinates":[[-74.0303551704224,40.1692760994149],[-74.0302781819201,40.1684268389142]]}},{"type":"Feature","id":208019,"properties":{"OBJECTID":208019,"PRIMENAME":"1st Avenue","ELEVTYP_F":0,"ELEVTYP_T":0},"geometry":{"type":"LineString","coordinates":[[-74.0228434017011,40.1567264591633],[-74.0228431587845,40.1567254430954],[-74.0229787398277,40.1563091028783],[-74.023146441649,40.1557710056582]]}},{"type":"Feature","id":209229,"properties":{"OBJECTID":209229,"PRIMENAME":"East Lake Avenue","ELEVTYP_F":0,"ELEVTYP_T":0},"geometry":{"type":"LineString","coordinates":[[-74.0283754064506,40.1492281230297],[-74.0284644255737,40.1492885529211],[-74.0285136214672,40.1493602403453],[-74.0285314357864,40.149479457748],[-74.0285307437328,40.14957954858],[-74.0285112487399,40.1497033912838],[-74.0284545454863,40.1498223052523],[-74.0283043891797,40.1499837479154],[-74.0281542264857,40.1501356638435],[-74.0280975202753,40.1502497742802],[-74.0280968626193,40.1502516927537]]}},{"type":"Feature","id":209319,"properties":{"OBJECTID":209319,"PRIMENAME":"Elizabeth Court","ELEVTYP_F":0,"ELEVTYP_T":0},"geometry":{"type":"LineString","coordinates":[[-74.0271118353871,40.1622160787038],[-74.0271139395829,40.1622273430908],[-74.027135533812,40.1622453304878],[-74.0271804666224,40.162251882686],[-74.027248600451,40.1622510899835],[-74.0277525118953,40.1621920108891],[-74.0278285567443,40.1621830953571],[-74.0280853851721,40.162136418985],[-74.0282391306067,40.1621084777453]]}},{"type":"Feature","id":209806,"properties":{"OBJECTID":209806,"PRIMENAME":"5th Avenue","ELEVTYP_F":0,"ELEVTYP_T":0},"geometry":{"type":"LineString","coordinates":[[-74.0333489637646,40.1512106564503],[-74.0333997794335,40.151109203108],[-74.0336495080905,40.1502952445371],[-74.0336787905183,40.1501997992431]]}},{"type":"Feature","id":209810,"properties":{"OBJECTID":209810,"PRIMENAME":"2nd Avenue","ELEVTYP_F":0,"ELEVTYP_T":0},"geometry":{"type":"LineString","coordinates":[[-74.028903515675,40.1439563341893],[-74.0292151442298,40.1429379198708]]}},{"type":"Feature","id":212198,"properties":{"OBJECTID":212198,"PRIMENAME":"North Boulevard","ELEVTYP_F":0,"ELEVTYP_T":0},"geometry":{"type":"LineString","coordinates":[[-74.0254487483513,40.1680060337849],[-74.0253804533977,40.1680188488178],[-74.0252685631591,40.168027915681],[-74.0251255789706,40.168041632111],[-74.0249889213453,40.1680410715423],[-74.0248831874426,40.1680548864485],[-74.02475255703,40.1680829829082],[-74.0246217893489,40.168125355314],[-74.0245096327696,40.1681725523815],[-74.0245089874721,40.1681728280411],[-74.0244099268451,40.1682150241837],[-74.0243163786987,40.1682670746966],[-74.0242102792023,40.1683333484117],[-74.0241290161792,40.1684045292299],[-74.0239541983933,40.1685695976001]]}},{"type":"Feature","id":212386,"properties":{"OBJECTID":212386,"PRIMENAME":"Pitney Avenue","ELEVTYP_F":0,"ELEVTYP_T":0},"geometry":{"type":"LineString","coordinates":[[-74.0282621371658,40.1629563956023],[-74.0278760219989,40.1630688325673],[-74.0267686860979,40.1633913568976]]}},{"type":"Feature","id":213008,"properties":{"OBJECTID":213008,"PRIMENAME":"1st Avenue","ELEVTYP_F":0,"ELEVTYP_T":0},"geometry":{"type":"LineString","coordinates":[[-74.0272660931327,40.1425820972643],[-74.0269766981922,40.1435059399473],[-74.0269486026049,40.1435956781667]]}},{"type":"Feature","id":213268,"properties":{"OBJECTID":213268,"PRIMENAME":"Railroad Avenue","ELEVTYP_F":0,"ELEVTYP_T":0},"geometry":{"type":"LineString","coordinates":[[-74.0356909794794,40.150567132744],[-74.0354700023342,40.151532092324],[-74.0354555136867,40.1515951206311]]}},{"type":"Feature","id":213868,"properties":{"OBJECTID":213868,"PRIMENAME":"Pitney Drive","ELEVTYP_F":0,"ELEVTYP_T":0},"geometry":{"type":"LineString","coordinates":[[-74.0338036619578,40.1615151131013],[-74.0332589958147,40.1615564036577],[-74.0332225690958,40.1615618572432],[-74.0332197251707,40.1615640128142]]}},{"type":"Feature","id":214087,"properties":{"OBJECTID":214087,"PRIMENAME":"5th Avenue","ELEVTYP_F":0,"ELEVTYP_T":0},"geometry":{"type":"LineString","coordinates":[[-74.0322631980742,40.1575104570151],[-74.0320577839793,40.1565991273059],[-74.0320348692246,40.1565076723598]]}},{"type":"Feature","id":215656,"properties":{"OBJECTID":215656,"PRIMENAME":"2nd Avenue","ELEVTYP_F":0,"ELEVTYP_T":0},"geometry":{"type":"LineString","coordinates":[[-74.0292151442298,40.1429379198708],[-74.0293751841811,40.1424147423451],[-74.0293881312366,40.1423722295963],[-74.0294013532731,40.1423288118763]]}},{"type":"Feature","id":215938,"properties":{"OBJECTID":215938,"PRIMENAME":"5th Avenue","ELEVTYP_F":0,"ELEVTYP_T":0},"geometry":{"type":"LineString","coordinates":[[-74.034632967149,40.1471523924368],[-74.0348793862639,40.1463538459976],[-74.0349467068745,40.1461395171204]]}},{"type":"Feature","id":216577,"properties":{"OBJECTID":216577,"PRIMENAME":"4th Avenue","ELEVTYP_F":0,"ELEVTYP_T":0},"geometry":{"type":"LineString","coordinates":[[-74.0311693234505,40.1617132549896],[-74.031370949366,40.1619686681625],[-74.0314346661896,40.1620326437158]]}},{"type":"Feature","id":217453,"properties":{"OBJECTID":217453,"PRIMENAME":"2nd Avenue","ELEVTYP_F":0,"ELEVTYP_T":0},"geometry":{"type":"LineString","coordinates":[[-74.0252226161133,40.1574258810485],[-74.0253240431651,40.1578737773744],[-74.0254489699369,40.1584258984293]]}},{"type":"Feature","id":218347,"properties":{"OBJECTID":218347,"PRIMENAME":"Red Oak Drive","ELEVTYP_F":0,"ELEVTYP_T":0},"geometry":{"type":"LineString","coordinates":[[-74.025838572807,40.1636622715208],[-74.0258154015341,40.1635879723567],[-74.0253900787784,40.1622231450084]]}},{"type":"Feature","id":218737,"properties":{"OBJECTID":218737,"PRIMENAME":"Ocean Road","ELEVTYP_F":0,"ELEVTYP_T":0},"geometry":{"type":"LineString","coordinates":[[-74.0371017496921,40.1434224549851],[-74.0372081361457,40.1434318699187],[-74.0372852078475,40.1434395896261]]}},{"type":"Feature","id":218810,"properties":{"OBJECTID":218810,"PRIMENAME":"Pitney Drive","ELEVTYP_F":0,"ELEVTYP_T":0},"geometry":{"type":"LineString","coordinates":[[-74.0375943345276,40.1609964371441],[-74.0376791613404,40.1609778075508],[-74.037896597674,40.1609786755286],[-74.0381454412053,40.1609225121226],[-74.0385188399289,40.1608239083487],[-74.0385454328707,40.1608174528788]]}},{"type":"Feature","id":218813,"properties":{"OBJECTID":218813,"PRIMENAME":"H Street","ELEVTYP_F":0,"ELEVTYP_T":0},"geometry":{"type":"LineString","coordinates":[[-74.0346813083812,40.1624992567972],[-74.0345861638722,40.1630127626087]]}},{"type":"Feature","id":219534,"properties":{"OBJECTID":219534,"PRIMENAME":"East Lake Avenue","ELEVTYP_F":0,"ELEVTYP_T":0},"geometry":{"type":"LineString","coordinates":[[-74.0275619234516,40.1482209124979],[-74.0276189050223,40.1483178592733],[-74.0277675640697,40.1485707862128],[-74.0279149160404,40.1488192312354],[-74.0280010216644,40.1489387550437],[-74.0280873278959,40.1490344232476],[-74.0282171651407,40.1491207422403],[-74.0282429385817,40.149138231302],[-74.0283754064506,40.1492281230297]]}},{"type":"Feature","id":220867,"properties":{"OBJECTID":220867,"PRIMENAME":"South Boulevard","ELEVTYP_F":0,"ELEVTYP_T":0},"geometry":{"type":"LineString","coordinates":[[-74.0321669181174,40.1625201190095],[-74.0322846393773,40.1624575902508],[-74.0323784375402,40.162372179362],[-74.0324723952991,40.1622581625508],[-74.0325606177834,40.162072636455],[-74.0326270545333,40.1619109930421],[-74.0326427465225,40.1618728099142],[-74.0326844407264,40.1617586558104],[-74.0327313952799,40.1616301003314],[-74.0327953101128,40.1613729889749],[-74.0328340893739,40.1611443538335],[-74.0329563084629,40.1605347911192],[-74.0329351708975,40.1604500140138]]}},{"type":"Feature","id":220982,"properties":{"OBJECTID":220982,"PRIMENAME":"Salem Avenue","ELEVTYP_F":0,"ELEVTYP_T":0},"geometry":{"type":"LineString","coordinates":[[-74.032795946555,40.1446722891444],[-74.0308452723277,40.1443135281598]]}},{"type":"Feature","id":221259,"properties":{"OBJECTID":221259,"PRIMENAME":"2nd Avenue","ELEVTYP_F":0,"ELEVTYP_T":0},"geometry":{"type":"LineString","coordinates":[[-74.0261510727015,40.1614321352462],[-74.0263267615646,40.1619671949356],[-74.026478908316,40.1624575113524],[-74.0267399175693,40.1632986413611],[-74.0267686860979,40.1633913568976]]}},{"type":"Feature","id":221761,"properties":{"OBJECTID":221761,"PRIMENAME":"4th Avenue","ELEVTYP_F":0,"ELEVTYP_T":0},"geometry":{"type":"LineString","coordinates":[[-74.0297427887399,40.1578495025086],[-74.0299580268228,40.1587696611989],[-74.029975635687,40.1588517882504]]}},{"type":"Feature","id":222285,"properties":{"OBJECTID":222285,"PRIMENAME":"Essex Avenue","ELEVTYP_F":0,"ELEVTYP_T":0},"geometry":{"type":"LineString","coordinates":[[-74.0343183125909,40.1481722081908],[-74.0357928565022,40.1484459591283]]}},{"type":"Feature","id":222425,"properties":{"OBJECTID":222425,"PRIMENAME":"Atlantic Avenue","ELEVTYP_F":0,"ELEVTYP_T":0},"geometry":{"type":"LineString","coordinates":[[-74.0324721176095,40.145686902365],[-74.0322346333551,40.1456434743253],[-74.0305291394688,40.1453287156595]]}},{"type":"Feature","id":222927,"properties":{"OBJECTID":222927,"PRIMENAME":"4th Avenue","ELEVTYP_F":0,"ELEVTYP_T":0},"geometry":{"type":"LineString","coordinates":[[-74.0338398066206,40.1668023867428],[-74.0337308716673,40.1668034576459],[-74.0320963583874,40.1666058199128]]}},{"type":"Feature","id":223410,"properties":{"OBJECTID":223410,"PRIMENAME":"Pennsylvania Avenue","ELEVTYP_F":0,"ELEVTYP_T":0},"geometry":{"type":"LineString","coordinates":[[-74.0254447226941,40.1422476565077],[-74.025569334133,40.1422705409605],[-74.0260489545296,40.1423586111152],[-74.0272660931327,40.1425820972643]]}},{"type":"Feature","id":224231,"properties":{"OBJECTID":224231,"PRIMENAME":"5th Avenue","ELEVTYP_F":0,"ELEVTYP_T":0},"geometry":{"type":"LineString","coordinates":[[-74.0349467068745,40.1461395171204],[-74.0352403326717,40.1452046501053]]}},{"type":"Feature","id":224473,"properties":{"OBJECTID":224473,"PRIMENAME":"1st Avenue","ELEVTYP_F":0,"ELEVTYP_T":0},"geometry":{"type":"LineString","coordinates":[[-74.023146441649,40.1557710056582],[-74.0234633169403,40.1547542501562]]}},{"type":"Feature","id":225095,"properties":{"OBJECTID":225095,"PRIMENAME":"Mercer Avenue","ELEVTYP_F":0,"ELEVTYP_T":0},"geometry":{"type":"LineString","coordinates":[[-74.031211058695,40.1497443579989],[-74.0314732871648,40.149791677419],[-74.0336787905183,40.1501997992431]]}},{"type":"Feature","id":225128,"properties":{"OBJECTID":225128,"PRIMENAME":"3rd Avenue","ELEVTYP_F":0,"ELEVTYP_T":0},"geometry":{"type":"LineString","coordinates":[[-74.0308452723277,40.1443135281598],[-74.0311625444147,40.143297684016]]}},{"type":"Feature","id":225943,"properties":{"OBJECTID":225943,"PRIMENAME":"5th Avenue","ELEVTYP_F":0,"ELEVTYP_T":0},"geometry":{"type":"LineString","coordinates":[[-74.0327233730146,40.1532380225055],[-74.0330281098223,40.1522263259252]]}},{"type":"Feature","id":226046,"properties":{"OBJECTID":226046,"PRIMENAME":"Warren Avenue","ELEVTYP_F":0,"ELEVTYP_T":0},"geometry":{"type":"LineString","coordinates":[[-74.0354555136867,40.1515951206311],[-74.0353784013382,40.1515806768523]]}},{"type":"Feature","id":226362,"properties":{"OBJECTID":226362,"PRIMENAME":"The Terrace","ELEVTYP_F":0,"ELEVTYP_T":0},"geometry":{"type":"LineString","coordinates":[[-74.0350106476431,40.139012103109],[-74.0350498476248,40.1390179158947],[-74.0351614293625,40.1390469425262],[-74.0352667515236,40.1390759709504],[-74.0353474157271,40.1390858211666],[-74.0354652581866,40.1391148996465],[-74.0357999070057,40.1392163345245],[-74.0359239016129,40.139245410178],[-74.0360604408496,40.1392602601253],[-74.0362030708244,40.1392894371576],[-74.0363519496865,40.1393043361814],[-74.0365009365723,40.1393192363469],[-74.0366936384344,40.1392914008666],[-74.0367869742769,40.1392631685437]]}},{"type":"Feature","id":226672,"properties":{"OBJECTID":226672,"PRIMENAME":"West Lake Avenue","ELEVTYP_F":0,"ELEVTYP_T":0},"geometry":{"type":"LineString","coordinates":[[-74.0280600894772,40.1466586530071],[-74.0280268024196,40.146562927051],[-74.0279779070037,40.1464483591404],[-74.0279165974618,40.1463336856566],[-74.0278364867075,40.146242819767],[-74.0277191303547,40.1461422474855],[-74.0275894677367,40.1460368764837],[-74.0274224640394,40.1459408785656],[-74.0272554246184,40.1458448532395],[-74.0272280271899,40.1458326073967],[-74.027034672893,40.1457461917723]]}},{"type":"Feature","id":226876,"properties":{"OBJECTID":226876,"PRIMENAME":"2nd Avenue","ELEVTYP_F":0,"ELEVTYP_T":0},"geometry":{"type":"LineString","coordinates":[[-74.0298336564876,40.1409109529663],[-74.0301006626229,40.1400351722288],[-74.0301285292696,40.1399437749943]]}},{"type":"Feature","id":226880,"properties":{"OBJECTID":226880,"PRIMENAME":"Worthington Avenue","ELEVTYP_F":0,"ELEVTYP_T":0},"geometry":{"type":"LineString","coordinates":[[-74.0209465040971,40.161045652082],[-74.0207551396314,40.1609958298866],[-74.019781093068,40.1608202138514],[-74.0196446895462,40.1607956548464]]}},{"type":"Feature","id":228869,"properties":{"OBJECTID":228869,"PRIMENAME":"Ocean Avenue","ELEVTYP_F":0,"ELEVTYP_T":0},"geometry":{"type":"LineString","coordinates":[[-74.0216391519752,40.1544176792643],[-74.0214267416437,40.1551004316913],[-74.0213214126863,40.1554364851736]]}},{"type":"Feature","id":228882,"properties":{"OBJECTID":228882,"PRIMENAME":"Third Avenue Bridge","ELEVTYP_F":0,"ELEVTYP_T":0},"geometry":{"type":"LineString","coordinates":[[-74.0275449824842,40.1669118017941],[-74.0275437057805,40.1669410065022],[-74.0275312502849,40.1673181563872]]}},{"type":"Feature","id":229105,"properties":{"OBJECTID":229105,"PRIMENAME":"3rd Avenue","ELEVTYP_F":0,"ELEVTYP_T":0},"geometry":{"type":"LineString","coordinates":[[-74.0271581379311,40.1561499711714],[-74.0271494988694,40.1561988293374],[-74.0272278331674,40.1565423093848],[-74.0273644343699,40.1571412827474]]}},{"type":"Feature","id":229256,"properties":{"OBJECTID":229256,"PRIMENAME":"Parkview Terrace","ELEVTYP_F":0,"ELEVTYP_T":0},"geometry":{"type":"LineString","coordinates":[[-74.0376768619578,40.1587108294731],[-74.0379557517774,40.1593727313291]]}},{"type":"Feature","id":230226,"properties":{"OBJECTID":230226,"PRIMENAME":"Church Street","ELEVTYP_F":0,"ELEVTYP_T":0},"geometry":{"type":"LineString","coordinates":[[-74.0334644942196,40.1600753944005],[-74.0333051467788,40.1601881784957],[-74.0332446464466,40.1602309961434],[-74.0329351708975,40.1604500140138]]}},{"type":"Feature","id":230265,"properties":{"OBJECTID":230265,"PRIMENAME":"Main Street","ELEVTYP_F":0,"ELEVTYP_T":0},"geometry":{"type":"LineString","coordinates":[[-74.0275086905866,40.168058547486],[-74.0274872420663,40.1688138492511],[-74.0274814345373,40.1690372631943]]}},{"type":"Feature","id":230412,"properties":{"OBJECTID":230412,"PRIMENAME":"2nd Avenue","ELEVTYP_F":0,"ELEVTYP_T":0},"geometry":{"type":"LineString","coordinates":[[-74.0263534517359,40.152070187272],[-74.0260724532543,40.1529725377693],[-74.026039525996,40.1530823509323]]}},{"type":"Feature","id":231482,"properties":{"OBJECTID":231482,"PRIMENAME":"Ocean Avenue","ELEVTYP_F":0,"ELEVTYP_T":0},"geometry":{"type":"LineString","coordinates":[[-74.0180620547445,40.1646630200229],[-74.0179191470024,40.1650915932496],[-74.01778919653,40.1655952494839],[-74.0176579520251,40.1660490736817]]}},{"type":"Feature","id":231611,"properties":{"OBJECTID":231611,"PRIMENAME":"Morris Avenue","ELEVTYP_F":0,"ELEVTYP_T":0},"geometry":{"type":"LineString","coordinates":[[-74.0244128235824,40.1517128137736],[-74.0246235280832,40.1517512085647],[-74.0246771593571,40.1517609804515],[-74.0263534517359,40.152070187272]]}},{"type":"Feature","id":231952,"properties":{"OBJECTID":231952,"PRIMENAME":"People Street","ELEVTYP_F":0,"ELEVTYP_T":0},"geometry":{"type":"LineString","coordinates":[[-74.0369524640205,40.1671690994739],[-74.0370458238647,40.1666900106884],[-74.0370588385491,40.166623022474]]}},{"type":"Feature","id":233555,"properties":{"OBJECTID":233555,"PRIMENAME":"5th Avenue","ELEVTYP_F":0,"ELEVTYP_T":0},"geometry":{"type":"LineString","coordinates":[[-74.0327163789762,40.1595145837805],[-74.0325037557438,40.1585884017662],[-74.0324863995873,40.1585105849655]]}},{"type":"Feature","id":233818,"properties":{"OBJECTID":233818,"PRIMENAME":"2nd Avenue","ELEVTYP_F":0,"ELEVTYP_T":0},"geometry":{"type":"LineString","coordinates":[[-74.0295241061976,40.1419263298684],[-74.0298336564876,40.1409109529663]]}},{"type":"Feature","id":234201,"properties":{"OBJECTID":234201,"PRIMENAME":"Ocean Avenue","ELEVTYP_F":0,"ELEVTYP_T":0},"geometry":{"type":"LineString","coordinates":[[-74.0251287542993,40.1432599479955],[-74.0248579477545,40.144124728047],[-74.0248113741159,40.1442733864097]]}},{"type":"Feature","id":235893,"properties":{"OBJECTID":235893,"PRIMENAME":"Pitney Avenue","ELEVTYP_F":0,"ELEVTYP_T":0},"geometry":{"type":"LineString","coordinates":[[-74.0247134719852,40.1639896724257],[-74.0245378175779,40.1640407475194],[-74.0237372357201,40.1642735306912]]}},{"type":"Feature","id":236030,"properties":{"OBJECTID":236030,"PRIMENAME":"West Lake Avenue","ELEVTYP_F":0,"ELEVTYP_T":0},"geometry":{"type":"LineString","coordinates":[[-74.0283507939463,40.1470711086539],[-74.0282412194807,40.1469832249916],[-74.0281305535127,40.1468254969916],[-74.0280633161429,40.1466679449841],[-74.0280600894772,40.1466586530071]]}},{"type":"Feature","id":236689,"properties":{"OBJECTID":236689,"PRIMENAME":"18th Avenue","ELEVTYP_F":0,"ELEVTYP_T":0},"geometry":{"type":"LineString","coordinates":[[-74.0363334412249,40.1691713316978],[-74.0359332001308,40.1691792816902]]}},{"type":"Feature","id":236865,"properties":{"OBJECTID":236865,"PRIMENAME":"Prospect Avenue","ELEVTYP_F":0,"ELEVTYP_T":0},"geometry":{"type":"LineString","coordinates":[[-74.0181815186888,40.1658949921254],[-74.0182552221872,40.1658104971891],[-74.0188347012217,40.1651465466653]]}},{"type":"Feature","id":237629,"properties":{"OBJECTID":237629,"PRIMENAME":"Madison Avenue","ELEVTYP_F":0,"ELEVTYP_T":0},"geometry":{"type":"LineString","coordinates":[[-74.0273597261962,40.155472216007],[-74.0270369243009,40.155411956498],[-74.0254188889085,40.1551147207506]]}},{"type":"Feature","id":238360,"properties":{"OBJECTID":238360,"PRIMENAME":"Ludlow Avenue","ELEVTYP_F":0,"ELEVTYP_T":0},"geometry":{"type":"LineString","coordinates":[[-74.0278196524179,40.159145217112],[-74.0257653124892,40.1594164555854],[-74.0256758152603,40.159428250882]]}},{"type":"Feature","id":239900,"properties":{"OBJECTID":239900,"PRIMENAME":"3rd Avenue","ELEVTYP_F":0,"ELEVTYP_T":0},"geometry":{"type":"LineString","coordinates":[[-74.0282621371658,40.1629563956023],[-74.0282574285195,40.1630474648412],[-74.0280746561891,40.1639990561544],[-74.0279738640694,40.164523816104],[-74.0279371548068,40.1647040040519]]}},{"type":"Feature","id":240549,"properties":{"OBJECTID":240549,"PRIMENAME":"Mercer Avenue","ELEVTYP_F":0,"ELEVTYP_T":0},"geometry":{"type":"LineString","coordinates":[[-74.0297909061052,40.149488120368],[-74.0298790542701,40.1495040168348],[-74.031211058695,40.1497443579989]]}},{"type":"Feature","id":240651,"properties":{"OBJECTID":240651,"PRIMENAME":"H Street","ELEVTYP_F":0,"ELEVTYP_T":0},"geometry":{"type":"LineString","coordinates":[[-74.0338398066206,40.1668023867428],[-74.0337128035538,40.167446356212]]}},{"type":"Feature","id":241757,"properties":{"OBJECTID":241757,"PRIMENAME":"1st Avenue","ELEVTYP_F":0,"ELEVTYP_T":0},"geometry":{"type":"LineString","coordinates":[[-74.024001093869,40.1617174453889],[-74.0239713917078,40.1616360081212],[-74.0237574163335,40.1607196881707]]}},{"type":"Feature","id":242305,"properties":{"OBJECTID":242305,"PRIMENAME":"Beverly Avenue","ELEVTYP_F":0,"ELEVTYP_T":0},"geometry":{"type":"LineString","coordinates":[[-74.0358662706067,40.1549778565611],[-74.0358122052013,40.1550889892189],[-74.0351759194766,40.1563971155481],[-74.0351206092585,40.156501625554]]}},{"type":"Feature","id":242756,"properties":{"OBJECTID":242756,"PRIMENAME":"Warren Avenue","ELEVTYP_F":0,"ELEVTYP_T":0},"geometry":{"type":"LineString","coordinates":[[-74.0232271004147,40.1493531991135],[-74.0233584400098,40.1493772674133],[-74.0246384426714,40.1496119164849],[-74.0250453649135,40.1496865090336]]}},{"type":"Feature","id":243074,"properties":{"OBJECTID":243074,"PRIMENAME":"Mercer Avenue","ELEVTYP_F":0,"ELEVTYP_T":0},"geometry":{"type":"LineString","coordinates":[[-74.0336787905183,40.1501997992431],[-74.0339483033046,40.1502496679058],[-74.0342070661744,40.1502974886832],[-74.0348974094254,40.150425064713]]}},{"type":"Feature","id":243984,"properties":{"OBJECTID":243984,"PRIMENAME":"Worthington Avenue","ELEVTYP_F":0,"ELEVTYP_T":0},"geometry":{"type":"LineString","coordinates":[[-74.0237574163335,40.1607196881707],[-74.023533609993,40.1607499264458],[-74.0210714024087,40.1610781509946],[-74.0209465040971,40.161045652082]]}},{"type":"Feature","id":243987,"properties":{"OBJECTID":243987,"PRIMENAME":"Salem Avenue","ELEVTYP_F":0,"ELEVTYP_T":0},"geometry":{"type":"LineString","coordinates":[[-74.0352403326717,40.1452046501053],[-74.0352666283108,40.1451209282237],[-74.0329033434276,40.1446920222222],[-74.032795946555,40.1446722891444]]}},{"type":"Feature","id":244354,"properties":{"OBJECTID":244354,"PRIMENAME":"World Street","ELEVTYP_F":0,"ELEVTYP_T":0},"geometry":{"type":"LineString","coordinates":[[-74.0351915063232,40.1676220140673],[-74.0353039996649,40.1670309689871],[-74.0353140789568,40.1669803039102]]}},{"type":"Feature","id":244377,"properties":{"OBJECTID":244377,"PRIMENAME":"Remsen Avenue","ELEVTYP_F":0,"ELEVTYP_T":0},"geometry":{"type":"LineString","coordinates":[[-74.0194384811212,40.1655257604787],[-74.0197156831589,40.1657002202053],[-74.0211500553154,40.1666029869813],[-74.0212948764823,40.1666941256654]]}},{"type":"Feature","id":244858,"properties":{"OBJECTID":244858,"PRIMENAME":"Glenwood Place","ELEVTYP_F":0,"ELEVTYP_T":0},"geometry":{"type":"LineString","coordinates":[[-74.029316680516,40.1626493727164],[-74.0292919973546,40.1625655415951],[-74.0289338941071,40.1613486954414],[-74.0288850842903,40.1612198536589]]}},{"type":"Feature","id":245047,"properties":{"OBJECTID":245047,"PRIMENAME":"20th Avenue","ELEVTYP_F":0,"ELEVTYP_T":0},"geometry":{"type":"LineString","coordinates":[[-74.0188924266326,40.1690535037635],[-74.0180141249028,40.1688645173648]]}},{"type":"Feature","id":246340,"properties":{"OBJECTID":246340,"PRIMENAME":"1st Avenue","ELEVTYP_F":0,"ELEVTYP_T":0},"geometry":{"type":"LineString","coordinates":[[-74.0266312818745,40.1446092857207],[-74.0263135119187,40.1456243458772]]}},{"type":"Feature","id":247299,"properties":{"OBJECTID":247299,"PRIMENAME":"Mercer Avenue","ELEVTYP_F":0,"ELEVTYP_T":0},"geometry":{"type":"LineString","coordinates":[[-74.0283754064506,40.1492281230297],[-74.0282104134731,40.1491969790523],[-74.0281841777243,40.1491920210854],[-74.0273116027893,40.1490271134452]]}},{"type":"Feature","id":247753,"properties":{"OBJECTID":247753,"PRIMENAME":"4th Avenue","ELEVTYP_F":0,"ELEVTYP_T":0},"geometry":{"type":"LineString","coordinates":[[-74.0353140789568,40.1669803039102],[-74.0346473248283,40.1668998524173]]}},{"type":"Feature","id":248626,"properties":{"OBJECTID":248626,"PRIMENAME":"North Boulevard","ELEVTYP_F":0,"ELEVTYP_T":0},"geometry":{"type":"LineString","coordinates":[[-74.0189746601504,40.1688254387971],[-74.0187395831099,40.1685575116386],[-74.0180301639869,40.1677453632223]]}},{"type":"Feature","id":248714,"properties":{"OBJECTID":248714,"PRIMENAME":"5th Avenue","ELEVTYP_F":0,"ELEVTYP_T":0},"geometry":{"type":"LineString","coordinates":[[-74.0324107889209,40.1542552877394],[-74.0326061454835,40.1536272975166],[-74.0327233730146,40.1532380225055]]}},{"type":"Feature","id":248782,"properties":{"OBJECTID":248782,"PRIMENAME":"Monroe Avenue","ELEVTYP_F":0,"ELEVTYP_T":0},"geometry":{"type":"LineString","coordinates":[[-74.0227057128485,40.1636264494257],[-74.0224500272668,40.1634659767189],[-74.0210665876761,40.1625933316805]]}},{"type":"Feature","id":249331,"properties":{"OBJECTID":249331,"PRIMENAME":"Morris Avenue","ELEVTYP_F":0,"ELEVTYP_T":0},"geometry":{"type":"LineString","coordinates":[[-74.0263534517359,40.152070187272],[-74.0266063532025,40.1521168211551],[-74.0283068605912,40.1524293924911]]}},{"type":"Feature","id":249361,"properties":{"OBJECTID":249361,"PRIMENAME":"West Lake Avenue","ELEVTYP_F":0,"ELEVTYP_T":0},"geometry":{"type":"LineString","coordinates":[[-74.0295851977208,40.1483735783886],[-74.0295426054914,40.148303977195],[-74.029431833446,40.1481557756464],[-74.0292164159519,40.1478737008598],[-74.0289637582018,40.1475866699457],[-74.0289444658163,40.1475673745174]]}},{"type":"Feature","id":249419,"properties":{"OBJECTID":249419,"PRIMENAME":"Sussex Avenue","ELEVTYP_F":0,"ELEVTYP_T":0},"geometry":{"type":"LineString","coordinates":[[-74.035456918733,40.1494407381557],[-74.035323371266,40.1494172412411],[-74.0339995872569,40.1491843200947]]}},{"type":"Feature","id":250033,"properties":{"OBJECTID":250033,"PRIMENAME":"3rd Avenue","ELEVTYP_F":0,"ELEVTYP_T":0},"geometry":{"type":"LineString","coordinates":[[-74.0347526209059,40.1663623665861],[-74.0350101760346,40.1663911286186],[-74.0354221594883,40.1664378046557]]}},{"type":"Feature","id":250429,"properties":{"OBJECTID":250429,"PRIMENAME":"4th Avenue","ELEVTYP_F":0,"ELEVTYP_T":0},"geometry":{"type":"LineString","coordinates":[[-74.0321669181174,40.1625201190095],[-74.0319420980529,40.1623798599551],[-74.0315895505328,40.162154419925],[-74.0315690123358,40.1621402682198],[-74.0314782602238,40.1620777325182],[-74.0314346661896,40.1620326437158]]}},{"type":"Feature","id":250787,"properties":{"OBJECTID":250787,"PRIMENAME":"Worthington Avenue","ELEVTYP_F":0,"ELEVTYP_T":0},"geometry":{"type":"LineString","coordinates":[[-74.0280584052003,40.1601384435696],[-74.0259027435014,40.1604299158493]]}},{"type":"Feature","id":251278,"properties":{"OBJECTID":251278,"PRIMENAME":"West Lake Avenue","ELEVTYP_F":0,"ELEVTYP_T":0},"geometry":{"type":"LineString","coordinates":[[-74.0289444658163,40.1475673745174],[-74.0287725444101,40.1473953139798],[-74.0286119554941,40.147265906978],[-74.0284203813734,40.1471269290186],[-74.0283507939463,40.1470711086539]]}},{"type":"Feature","id":252200,"properties":{"OBJECTID":252200,"PRIMENAME":"Ludlow Avenue","ELEVTYP_F":0,"ELEVTYP_T":0},"geometry":{"type":"LineString","coordinates":[[-74.0235242706047,40.159716099385],[-74.0223034971007,40.1598822094131],[-74.0212629551122,40.1600263763599]]}},{"type":"Feature","id":252499,"properties":{"OBJECTID":252499,"PRIMENAME":"Edgewood Place","ELEVTYP_F":0,"ELEVTYP_T":0},"geometry":{"type":"LineString","coordinates":[[-74.0302704657735,40.1623716349939],[-74.030238288021,40.1622691061769],[-74.029764462331,40.1607086888539]]}},{"type":"Feature","id":253411,"properties":{"OBJECTID":253411,"PRIMENAME":"4th Avenue","ELEVTYP_F":0,"ELEVTYP_T":0},"geometry":{"type":"LineString","coordinates":[[-74.0346473248283,40.1668998524173],[-74.0339511819654,40.1668157922673],[-74.0338398066206,40.1668023867428]]}},{"type":"Feature","id":255277,"properties":{"OBJECTID":255277,"PRIMENAME":"H Street","ELEVTYP_F":0,"ELEVTYP_T":0},"geometry":{"type":"LineString","coordinates":[[-74.0344644029189,40.1636213279871],[-74.0344058930347,40.1639137514312],[-74.0343833797849,40.1640245975958],[-74.0343188401456,40.1643423778736],[-74.0343103889974,40.1643868329451]]}},{"type":"Feature","id":255375,"properties":{"OBJECTID":255375,"PRIMENAME":"Monmouth Avenue","ELEVTYP_F":0,"ELEVTYP_T":0},"geometry":{"type":"LineString","coordinates":[[-74.027034672893,40.1457461917723],[-74.0272574222009,40.1457859306607],[-74.0280466953259,40.1459267329522],[-74.0282694950274,40.1459778520204]]}},{"type":"Feature","id":256488,"properties":{"OBJECTID":256488,"PRIMENAME":"Pine Drive","ELEVTYP_F":0,"ELEVTYP_T":0},"geometry":{"type":"LineString","coordinates":[[-74.0388354240986,40.1569421464309],[-74.0386644262666,40.1569421470817],[-74.0382434244465,40.1569711452416],[-74.0379694253241,40.1569991469397],[-74.0379014251065,40.157002145956],[-74.0378334247255,40.1570001470548],[-74.0377394250525,40.1569901462534],[-74.0376604246918,40.1569751470445],[-74.0374254268929,40.1569091451181],[-74.0372484260688,40.1568491451714]]}},{"type":"Feature","id":257111,"properties":{"OBJECTID":257111,"PRIMENAME":"Ocean Avenue","ELEVTYP_F":0,"ELEVTYP_T":0},"geometry":{"type":"LineString","coordinates":[[-74.0167481885073,40.1685921524751],[-74.0166495445651,40.1688623423309],[-74.0164000554538,40.1695473174795]]}},{"type":"Feature","id":257808,"properties":{"OBJECTID":257808,"PRIMENAME":"Vroom Avenue","ELEVTYP_F":0,"ELEVTYP_T":0},"geometry":{"type":"LineString","coordinates":[[-74.0282152140047,40.161335117929],[-74.0283439657962,40.1613129669495],[-74.0288850842903,40.1612198536589]]}},{"type":"Feature","id":257895,"properties":{"OBJECTID":257895,"PRIMENAME":"Sussex Avenue","ELEVTYP_F":0,"ELEVTYP_T":0},"geometry":{"type":"LineString","coordinates":[[-74.0358686404836,40.1495319124082],[-74.0359256661769,40.1495423537941]]}},{"type":"Feature","id":261855,"properties":{"OBJECTID":261855,"PRIMENAME":"Atlantic Avenue","ELEVTYP_F":0,"ELEVTYP_T":0},"geometry":{"type":"LineString","coordinates":[[-74.0382467737642,40.1467495487942],[-74.0381360151612,40.1467289840397],[-74.036538113246,40.1464323179457]]}},{"type":"Feature","id":263281,"properties":{"OBJECTID":263281,"PRIMENAME":"Worthington Avenue","ELEVTYP_F":0,"ELEVTYP_T":0},"geometry":{"type":"LineString","coordinates":[[-74.0259027435014,40.1604299158493],[-74.0256227827944,40.1604677524354],[-74.0245617424428,40.1606110607218],[-74.0237574163335,40.1607196881707]]}},{"type":"Feature","id":265028,"properties":{"OBJECTID":265028,"PRIMENAME":"Madison Avenue","ELEVTYP_F":0,"ELEVTYP_T":0},"geometry":{"type":"LineString","coordinates":[[-74.0254188889085,40.1551147207506],[-74.025126242598,40.1550609761415],[-74.0246011254829,40.1549641211304],[-74.0234633169403,40.1547542501562]]}},{"type":"Feature","id":265116,"properties":{"OBJECTID":265116,"PRIMENAME":"World Street","ELEVTYP_F":0,"ELEVTYP_T":0},"geometry":{"type":"LineString","coordinates":[[-74.0350924121054,40.1691965810683],[-74.0350666275288,40.1685700599515]]}},{"type":"Feature","id":265648,"properties":{"OBJECTID":265648,"PRIMENAME":"Tuttle Avenue","ELEVTYP_F":0,"ELEVTYP_T":0},"geometry":{"type":"LineString","coordinates":[[-74.0275908345428,40.1581390175091],[-74.0278568166582,40.1581033978544],[-74.0297427887399,40.1578495025086]]}},{"type":"Feature","id":268419,"properties":{"OBJECTID":268419,"PRIMENAME":"Pitney Avenue","ELEVTYP_F":0,"ELEVTYP_T":0},"geometry":{"type":"LineString","coordinates":[[-74.0267686860979,40.1633913568976],[-74.025838572807,40.1636622715208]]}},{"type":"Feature","id":268591,"properties":{"OBJECTID":268591,"PRIMENAME":"K Street","ELEVTYP_F":0,"ELEVTYP_T":0},"geometry":{"type":"LineString","coordinates":[[-74.0375832697849,40.1691464887564],[-74.0375877615079,40.1692229905358],[-74.0376657634708,40.1705482805158],[-74.0377159071987,40.1714016025121],[-74.037719594635,40.1714594597045]]}},{"type":"Feature","id":268678,"properties":{"OBJECTID":268678,"PRIMENAME":"Brighton Avenue","ELEVTYP_F":0,"ELEVTYP_T":0},"geometry":{"type":"LineString","coordinates":[[-74.0228434017011,40.1567264591633],[-74.0231955875667,40.156678275235],[-74.0245904656218,40.1564927439638],[-74.0250106821042,40.1564368483719]]}},{"type":"Feature","id":269449,"properties":{"OBJECTID":269449,"PRIMENAME":"2nd Avenue","ELEVTYP_F":0,"ELEVTYP_T":0},"geometry":{"type":"LineString","coordinates":[[-74.0257340274833,40.1541006699939],[-74.0256654979106,40.1543292360773],[-74.0254188889085,40.1551147207506]]}},{"type":"Feature","id":269514,"properties":{"OBJECTID":269514,"PRIMENAME":"Unnamed Segment","ELEVTYP_F":0,"ELEVTYP_T":0},"geometry":{"type":"LineString","coordinates":[[-74.0338036619578,40.1615151131013],[-74.0337664243085,40.161293146422],[-74.0337694234367,40.1612111479885],[-74.0337794242654,40.1611601467254],[-74.0338114246699,40.1610821469894],[-74.0338664242253,40.1609861460745],[-74.0339024246139,40.160894147833],[-74.0339204247823,40.1607881463069],[-74.0339144230845,40.160682147238],[-74.0338860622414,40.1605052079674]]}},{"type":"Feature","id":269829,"properties":{"OBJECTID":269829,"PRIMENAME":"Prospect Avenue","ELEVTYP_F":0,"ELEVTYP_T":0},"geometry":{"type":"LineString","coordinates":[[-74.0364914333028,40.14403386139],[-74.0364547777277,40.1442640002988],[-74.0367154596912,40.1442888449526]]}},{"type":"Feature","id":270857,"properties":{"OBJECTID":270857,"PRIMENAME":"1st Avenue","ELEVTYP_F":0,"ELEVTYP_T":0},"geometry":{"type":"LineString","coordinates":[[-74.0256784085787,40.1476545467447],[-74.0259943877918,40.1466373134457]]}},{"type":"Feature","id":271447,"properties":{"OBJECTID":271447,"PRIMENAME":"2nd Street","ELEVTYP_F":0,"ELEVTYP_T":0},"geometry":{"type":"LineString","coordinates":[[-74.036596844181,40.1433720482022],[-74.0365845127412,40.143449471081],[-74.0364914333028,40.14403386139]]}},{"type":"Feature","id":272205,"properties":{"OBJECTID":272205,"PRIMENAME":"Brighton Lane","ELEVTYP_F":0,"ELEVTYP_T":0},"geometry":{"type":"LineString","coordinates":[[-74.034164527887,40.1571461092496],[-74.0343377503161,40.1563317873058],[-74.0343628009216,40.1562785470323]]}},{"type":"Feature","id":272620,"properties":{"OBJECTID":272620,"PRIMENAME":"Newark Avenue","ELEVTYP_F":0,"ELEVTYP_T":0},"geometry":{"type":"LineString","coordinates":[[-74.0250961712451,40.1561266804167],[-74.0254537879157,40.1561918922479],[-74.0260422070491,40.1562991441776]]}},{"type":"Feature","id":273478,"properties":{"OBJECTID":273478,"PRIMENAME":"Washington Avenue","ELEVTYP_F":0,"ELEVTYP_T":0},"geometry":{"type":"LineString","coordinates":[[-74.0296252640829,40.1548146403298],[-74.0319265659641,40.1552364164471],[-74.0320540618289,40.1552597721257]]}},{"type":"Feature","id":274007,"properties":{"OBJECTID":274007,"PRIMENAME":"Monmouth Avenue","ELEVTYP_F":0,"ELEVTYP_T":0},"geometry":{"type":"LineString","coordinates":[[-74.0363056981791,40.1474641520495],[-74.0363112789849,40.1474651966711],[-74.0379310929424,40.1477653894212]]}},{"type":"Feature","id":274042,"properties":{"OBJECTID":274042,"PRIMENAME":"3rd Avenue","ELEVTYP_F":0,"ELEVTYP_T":0},"geometry":{"type":"LineString","coordinates":[[-74.0276740230254,40.1544569757585],[-74.0275310753603,40.1549135367218],[-74.0273597261962,40.155472216007]]}},{"type":"Feature","id":276323,"properties":{"OBJECTID":276323,"PRIMENAME":"6th Avenue","ELEVTYP_F":0,"ELEVTYP_T":0},"geometry":{"type":"LineString","coordinates":[[-74.0381860238364,40.1684887113007],[-74.0380027267056,40.1685001959631],[-74.0367196660445,40.1685353700727]]}},{"type":"Feature","id":276445,"properties":{"OBJECTID":276445,"PRIMENAME":"America Street","ELEVTYP_F":0,"ELEVTYP_T":0},"geometry":{"type":"LineString","coordinates":[[-74.0359012100848,40.1685536149351],[-74.0359297250451,40.169111514203],[-74.0359332001308,40.1691792816902]]}},{"type":"Feature","id":277639,"properties":{"OBJECTID":277639,"PRIMENAME":"18th Avenue","ELEVTYP_F":0,"ELEVTYP_T":0},"geometry":{"type":"LineString","coordinates":[[-74.0382136426516,40.1691339606036],[-74.0375832697849,40.1691464887564]]}},{"type":"Feature","id":279960,"properties":{"OBJECTID":279960,"PRIMENAME":"Sussex Avenue","ELEVTYP_F":0,"ELEVTYP_T":0},"geometry":{"type":"LineString","coordinates":[[-74.0359256661769,40.1495423537941],[-74.0359116553146,40.1496035998455],[-74.0357513156456,40.150303690202],[-74.0356909794794,40.150567132744]]}},{"type":"Feature","id":280324,"properties":{"OBJECTID":280324,"PRIMENAME":"Ludlow Avenue","ELEVTYP_F":0,"ELEVTYP_T":0},"geometry":{"type":"LineString","coordinates":[[-74.0355710645145,40.1583446656052],[-74.0354071906473,40.1583450511863],[-74.0338976954856,40.1583485111881],[-74.0338531991521,40.1583503369781]]}},{"type":"Feature","id":281471,"properties":{"OBJECTID":281471,"PRIMENAME":"Prospect Avenue","ELEVTYP_F":0,"ELEVTYP_T":0},"geometry":{"type":"LineString","coordinates":[[-74.0203119004279,40.1634541464245],[-74.020994409013,40.1626756659373],[-74.0210665876761,40.1625933316805]]}},{"type":"Feature","id":282163,"properties":{"OBJECTID":282163,"PRIMENAME":"Atlantic Avenue","ELEVTYP_F":0,"ELEVTYP_T":0},"geometry":{"type":"LineString","coordinates":[[-74.0285808257911,40.1449691020021],[-74.0283269500066,40.1449222225615],[-74.0266312818745,40.1446092857207]]}},{"type":"Feature","id":282617,"properties":{"OBJECTID":282617,"PRIMENAME":"Railroad Avenue","ELEVTYP_F":0,"ELEVTYP_T":0},"geometry":{"type":"LineString","coordinates":[[-74.036925035406,40.1434058108735],[-74.0369456324146,40.1433174669055],[-74.037137522221,40.1424936877441]]}},{"type":"Feature","id":282726,"properties":{"OBJECTID":282726,"PRIMENAME":"H Street","ELEVTYP_F":0,"ELEVTYP_T":0},"geometry":{"type":"LineString","coordinates":[[-74.0381354831312,40.1531560750061],[-74.0379747470131,40.1534923894299],[-74.0377088889332,40.1540303914132],[-74.0373295620594,40.1547864644304]]}},{"type":"Feature","id":283849,"properties":{"OBJECTID":283849,"PRIMENAME":"Unnamed Segment","ELEVTYP_F":0,"ELEVTYP_T":0},"geometry":{"type":"LineString","coordinates":[[-74.0367414604305,40.1597519682609],[-74.0370287293846,40.1596819256664]]}},{"type":"Feature","id":283892,"properties":{"OBJECTID":283892,"PRIMENAME":"People Street","ELEVTYP_F":0,"ELEVTYP_T":0},"geometry":{"type":"LineString","coordinates":[[-74.0368182474824,40.1678150745386],[-74.0369428232474,40.1672186405986],[-74.0369524640205,40.1671690994739]]}},{"type":"Feature","id":284636,"properties":{"OBJECTID":284636,"PRIMENAME":"Pitney Avenue","ELEVTYP_F":0,"ELEVTYP_T":0},"geometry":{"type":"LineString","coordinates":[[-74.0222932100347,40.1646937860545],[-74.0209975058424,40.1650709324961],[-74.020860748212,40.1651108314582]]}},{"type":"Feature","id":286090,"properties":{"OBJECTID":286090,"PRIMENAME":"Seawood Way","ELEVTYP_F":0,"ELEVTYP_T":0},"geometry":{"type":"LineString","coordinates":[[-74.0227057128485,40.1636264494257],[-74.0227840660829,40.1635564383388],[-74.0229965814513,40.163366682545],[-74.0231467150142,40.1632195769232],[-74.0232155574391,40.1631483464783],[-74.0232594990062,40.1630818167904],[-74.0232850359659,40.1629913559163],[-74.0233104980789,40.1628961445434],[-74.0233545728139,40.1628105362717],[-74.0234234478199,40.1627345556477],[-74.0235046711693,40.1626681793062],[-74.0236167861443,40.1626257322652],[-74.0241206692512,40.162522962501],[-74.0242485562883,40.1624968864702]]}},{"type":"Feature","id":286189,"properties":{"OBJECTID":286189,"PRIMENAME":"3rd Avenue","ELEVTYP_F":0,"ELEVTYP_T":0},"geometry":{"type":"LineString","coordinates":[[-74.0370588385491,40.166623022474],[-74.0372015141654,40.1666382252797],[-74.0373131741841,40.1666625008071],[-74.0373874839185,40.166696152584],[-74.0374306687846,40.1667392343751],[-74.0374739511582,40.1667679579124],[-74.0375048533344,40.1667967148445],[-74.0375792925889,40.1668113149494],[-74.0376662491534,40.1668164114857],[-74.0377344938609,40.1668262374743],[-74.0378523166052,40.1668600626688],[-74.0380568334889,40.1669323657108],[-74.0381306935726,40.1669584936448]]}},{"type":"Feature","id":286472,"properties":{"OBJECTID":286472,"PRIMENAME":"2nd Avenue","ELEVTYP_F":0,"ELEVTYP_T":0},"geometry":{"type":"LineString","coordinates":[[-74.0363608191107,40.1660573932514],[-74.0370558050485,40.1661372065019],[-74.0371510951357,40.1661481569333]]}},{"type":"Feature","id":287520,"properties":{"OBJECTID":287520,"PRIMENAME":"5th Avenue","ELEVTYP_F":0,"ELEVTYP_T":0},"geometry":{"type":"LineString","coordinates":[[-74.0329351708975,40.1604500140138],[-74.0329112018578,40.1603537688312],[-74.0328838065761,40.1602437735484],[-74.0327163789762,40.1595145837805]]}},{"type":"Feature","id":287877,"properties":{"OBJECTID":287877,"PRIMENAME":"Ripley Lane","ELEVTYP_F":0,"ELEVTYP_T":0},"geometry":{"type":"LineString","coordinates":[[-74.0242642496813,40.1688859743636],[-74.0242684763523,40.1689007610569],[-74.0242742343845,40.1689627459939],[-74.0243173138603,40.1690201070689],[-74.024373044366,40.1690489694896],[-74.0244227489173,40.1690491736616],[-74.0244787772313,40.1690303238106],[-74.0245031220641,40.1690133838558],[-74.0247035254871,40.1688739422306],[-74.0248033331138,40.1688171678236],[-74.0249341358677,40.1687748232848],[-74.0251147053052,40.1687136036528],[-74.0252170131759,40.1686888303441],[-74.0256050615709,40.1686143847484],[-74.0257299120981,40.1685653066652],[-74.0258418399519,40.1684635533773]]}},{"type":"Feature","id":288259,"properties":{"OBJECTID":288259,"PRIMENAME":"Valandora Court","ELEVTYP_F":0,"ELEVTYP_T":0},"geometry":{"type":"LineString","coordinates":[[-74.0321144438051,40.1610371547418],[-74.0320983722456,40.1609755130131],[-74.0319591676738,40.1604411588166],[-74.0317353482445,40.1604688324537],[-74.031717479753,40.1604718017861]]}},{"type":"Feature","id":288601,"properties":{"OBJECTID":288601,"PRIMENAME":"Monroe Avenue","ELEVTYP_F":0,"ELEVTYP_T":0},"geometry":{"type":"LineString","coordinates":[[-74.026002735689,40.1656904122324],[-74.0257343710685,40.1655241575781],[-74.0247446952058,40.1649052680702],[-74.0245327135574,40.1647723446968],[-74.0237372357201,40.1642735306912]]}},{"type":"Feature","id":289540,"properties":{"OBJECTID":289540,"PRIMENAME":"Church Street","ELEVTYP_F":0,"ELEVTYP_T":0},"geometry":{"type":"LineString","coordinates":[[-74.0321144438051,40.1610371547418],[-74.0311693234505,40.1617132549896]]}},{"type":"Feature","id":289613,"properties":{"OBJECTID":289613,"PRIMENAME":"1st Avenue","ELEVTYP_F":0,"ELEVTYP_T":0},"geometry":{"type":"LineString","coordinates":[[-74.0287338843774,40.1379144201876],[-74.028606148704,40.1383033747094],[-74.0286008638322,40.1383200869927],[-74.0285301681197,40.1385437243828],[-74.0284865938949,40.1386815649804]]}},{"type":"Feature","id":289670,"properties":{"OBJECTID":289670,"PRIMENAME":"Pitney Avenue","ELEVTYP_F":0,"ELEVTYP_T":0},"geometry":{"type":"LineString","coordinates":[[-74.0237372357201,40.1642735306912],[-74.0234999783999,40.1643425039871],[-74.0222932100347,40.1646937860545]]}},{"type":"Feature","id":291061,"properties":{"OBJECTID":291061,"PRIMENAME":"1st Avenue","ELEVTYP_F":0,"ELEVTYP_T":0},"geometry":{"type":"LineString","coordinates":[[-74.0275837545545,40.1415682142671],[-74.0275164851888,40.1417828130178],[-74.0273344595968,40.1423638653118],[-74.0272660931327,40.1425820972643]]}},{"type":"Feature","id":292164,"properties":{"OBJECTID":292164,"PRIMENAME":"Adrian Avenue","ELEVTYP_F":0,"ELEVTYP_T":0},"geometry":{"type":"LineString","coordinates":[[-74.0212629551122,40.1600263763599],[-74.0211952634163,40.1602446212029],[-74.0209465040971,40.161045652082]]}},{"type":"Feature","id":292593,"properties":{"OBJECTID":292593,"PRIMENAME":"Tuttle Avenue","ELEVTYP_F":0,"ELEVTYP_T":0},"geometry":{"type":"LineString","coordinates":[[-74.0254489699369,40.1584258984293],[-74.0275908345428,40.1581390175091]]}},{"type":"Feature","id":292645,"properties":{"OBJECTID":292645,"PRIMENAME":"3rd Avenue","ELEVTYP_F":0,"ELEVTYP_T":0},"geometry":{"type":"LineString","coordinates":[[-74.0298950259669,40.1473583954707],[-74.0301859241923,40.1464311205677],[-74.0302138008218,40.1463415455379]]}},{"type":"Feature","id":294136,"properties":{"OBJECTID":294136,"PRIMENAME":"Wyckham Road","ELEVTYP_F":0,"ELEVTYP_T":0},"geometry":{"type":"LineString","coordinates":[[-74.0375943345276,40.1609964371441],[-74.0375624275205,40.1609071468959],[-74.0374624256277,40.1607401468697],[-74.0374618059743,40.1607387375321],[-74.0373934250448,40.1605831465731],[-74.0373614269362,40.1605431465199],[-74.0373094252139,40.1605021460301],[-74.0370514258087,40.1603521476908],[-74.0370224259965,40.160330146113],[-74.0369898342997,40.1602968752659]]}},{"type":"Feature","id":294178,"properties":{"OBJECTID":294178,"PRIMENAME":"3rd Avenue","ELEVTYP_F":0,"ELEVTYP_T":0},"geometry":{"type":"LineString","coordinates":[[-74.0273597261962,40.155472216007],[-74.0272069702168,40.1559702722338],[-74.0271688638932,40.1560892892854],[-74.0271581379311,40.1561499711714]]}},{"type":"Feature","id":294446,"properties":{"OBJECTID":294446,"PRIMENAME":"World Street","ELEVTYP_F":0,"ELEVTYP_T":0},"geometry":{"type":"LineString","coordinates":[[-74.0355171989763,40.1659605359645],[-74.0356214504506,40.1654493493913]]}},{"type":"Feature","id":294745,"properties":{"OBJECTID":294745,"PRIMENAME":"Beverly Avenue","ELEVTYP_F":0,"ELEVTYP_T":0},"geometry":{"type":"LineString","coordinates":[[-74.0351206092585,40.156501625554],[-74.0350500739918,40.1566349006821],[-74.0346783646798,40.1574007684746]]}},{"type":"Feature","id":295762,"properties":{"OBJECTID":295762,"PRIMENAME":"H Street","ELEVTYP_F":0,"ELEVTYP_T":0},"geometry":{"type":"LineString","coordinates":[[-74.0355710645145,40.1583446656052],[-74.0354868634559,40.1584933958581],[-74.0354516449027,40.1585843430758],[-74.0354329459018,40.1586820549213]]}},{"type":"Feature","id":296648,"properties":{"OBJECTID":296648,"PRIMENAME":"1st Avenue","ELEVTYP_F":0,"ELEVTYP_T":0},"geometry":{"type":"LineString","coordinates":[[-74.0341672784358,40.1651395476792],[-74.0349049086586,40.1652966975855]]}},{"type":"Feature","id":297209,"properties":{"OBJECTID":297209,"PRIMENAME":"H Street","ELEVTYP_F":0,"ELEVTYP_T":0},"geometry":{"type":"LineString","coordinates":[[-74.0337128035538,40.167446356212],[-74.0335240895627,40.1684010614443],[-74.0334822087714,40.1686161477303]]}},{"type":"Feature","id":298099,"properties":{"OBJECTID":298099,"PRIMENAME":"Railroad Avenue","ELEVTYP_F":0,"ELEVTYP_T":0},"geometry":{"type":"LineString","coordinates":[[-74.0370936532867,40.144289566591],[-74.0372761350905,40.1434798274023],[-74.0372852078475,40.1434395896261]]}},{"type":"Feature","id":298358,"properties":{"OBJECTID":298358,"PRIMENAME":"5th Avenue","ELEVTYP_F":0,"ELEVTYP_T":0},"geometry":{"type":"LineString","coordinates":[[-74.0320348692246,40.1565076723598],[-74.0318824187945,40.1558977961066],[-74.03181624667,40.155587723219],[-74.0318604873043,40.1555172382795]]}},{"type":"Feature","id":298658,"properties":{"OBJECTID":298658,"PRIMENAME":"Mercer Avenue","ELEVTYP_F":0,"ELEVTYP_T":0},"geometry":{"type":"LineString","coordinates":[[-74.0369778521462,40.1508058269578],[-74.0357869524187,40.1505848952818],[-74.0356909794794,40.150567132744]]}},{"type":"Feature","id":298910,"properties":{"OBJECTID":298910,"PRIMENAME":"Walnut Drive","ELEVTYP_F":0,"ELEVTYP_T":0},"geometry":{"type":"LineString","coordinates":[[-74.0372484260688,40.1568491451714],[-74.0371624248837,40.1570181456189]]}},{"type":"Feature","id":299535,"properties":{"OBJECTID":299535,"PRIMENAME":"Shore Road","ELEVTYP_F":0,"ELEVTYP_T":0},"geometry":{"type":"LineString","coordinates":[[-74.0377818904904,40.1415619029008],[-74.0375213163271,40.1415859852862]]}},{"type":"Feature","id":300366,"properties":{"OBJECTID":300366,"PRIMENAME":"3rd Avenue","ELEVTYP_F":0,"ELEVTYP_T":0},"geometry":{"type":"LineString","coordinates":[[-74.0273644343699,40.1571412827474],[-74.0274508966291,40.1575202645612],[-74.0275908345428,40.1581390175091]]}},{"type":"Feature","id":300952,"properties":{"OBJECTID":300952,"PRIMENAME":"Main Street","ELEVTYP_F":0,"ELEVTYP_T":0},"geometry":{"type":"LineString","coordinates":[[-74.0274814345373,40.1690372631943],[-74.0274590445665,40.1698974035584]]}},{"type":"Feature","id":301925,"properties":{"OBJECTID":301925,"PRIMENAME":"Main Street","ELEVTYP_F":0,"ELEVTYP_T":0},"geometry":{"type":"LineString","coordinates":[[-74.0275312502849,40.1673181563872],[-74.0275235506439,40.1675522231039]]}},{"type":"Feature","id":305598,"properties":{"OBJECTID":305598,"PRIMENAME":"Margerum Avenue","ELEVTYP_F":0,"ELEVTYP_T":0},"geometry":{"type":"LineString","coordinates":[[-74.0302781819201,40.1684268389142],[-74.0302620205871,40.1682484398566],[-74.030203058197,40.16759276675]]}},{"type":"Feature","id":306315,"properties":{"OBJECTID":306315,"PRIMENAME":"World Street","ELEVTYP_F":0,"ELEVTYP_T":0},"geometry":{"type":"LineString","coordinates":[[-74.0354221594883,40.1664378046557],[-74.0355171989763,40.1659605359645]]}},{"type":"Feature","id":306803,"properties":{"OBJECTID":306803,"PRIMENAME":"Warren Avenue","ELEVTYP_F":0,"ELEVTYP_T":0},"geometry":{"type":"LineString","coordinates":[[-74.0386118957885,40.1521874622023],[-74.0384904530258,40.1521637523718],[-74.037771836108,40.1520291316423],[-74.037369930733,40.1519538400687],[-74.0368028080003,40.1518475937026]]}},{"type":"Feature","id":308236,"properties":{"OBJECTID":308236,"PRIMENAME":"West Lake Avenue","ELEVTYP_F":0,"ELEVTYP_T":0},"geometry":{"type":"LineString","coordinates":[[-74.0297909061052,40.149488120368],[-74.0297648899894,40.1494010719211],[-74.0297471040169,40.1492723283078],[-74.0297366621613,40.1489863095509],[-74.0297189774386,40.1488480128041],[-74.0296708324578,40.148623829416],[-74.0296283542946,40.1484806556258],[-74.0296039819859,40.1484043193101],[-74.0295851977208,40.1483735783886]]}},{"type":"Feature","id":309445,"properties":{"OBJECTID":309445,"PRIMENAME":"Vroom Avenue","ELEVTYP_F":0,"ELEVTYP_T":0},"geometry":{"type":"LineString","coordinates":[[-74.0261510727015,40.1614321352462],[-74.0263928171106,40.1614002909267],[-74.0280654433578,40.1611736065412],[-74.0282095975789,40.1611540439932]]}},{"type":"Feature","id":309508,"properties":{"OBJECTID":309508,"PRIMENAME":"Morris Avenue","ELEVTYP_F":0,"ELEVTYP_T":0},"geometry":{"type":"LineString","coordinates":[[-74.0225882398263,40.1513804289238],[-74.0227231584854,40.1514049792511],[-74.0244128235824,40.1517128137736]]}},{"type":"Feature","id":309739,"properties":{"OBJECTID":309739,"PRIMENAME":"Sussex Avenue","ELEVTYP_F":0,"ELEVTYP_T":0},"geometry":{"type":"LineString","coordinates":[[-74.0359256661769,40.1495423537941],[-74.0372980791269,40.1497938229614]]}},{"type":"Feature","id":310272,"properties":{"OBJECTID":310272,"PRIMENAME":"4th Avenue","ELEVTYP_F":0,"ELEVTYP_T":0},"geometry":{"type":"LineString","coordinates":[[-74.0299413574112,40.1538031622919],[-74.0298092046253,40.1542222142754],[-74.0296252640829,40.1548146403298]]}},{"type":"Feature","id":313756,"properties":{"OBJECTID":313756,"PRIMENAME":"Howell Avenue","ELEVTYP_F":0,"ELEVTYP_T":0},"geometry":{"type":"LineString","coordinates":[[-74.0231272609625,40.1665266752713],[-74.0229899850685,40.1664409515148],[-74.020860748212,40.1651108314582]]}},{"type":"Feature","id":315459,"properties":{"OBJECTID":315459,"PRIMENAME":"Essex Avenue","ELEVTYP_F":0,"ELEVTYP_T":0},"geometry":{"type":"LineString","coordinates":[[-74.0267030249623,40.1467663029833],[-74.0265878010306,40.1467453243459],[-74.0259943877918,40.1466373134457]]}},{"type":"Feature","id":315742,"properties":{"OBJECTID":315742,"PRIMENAME":"4th Avenue","ELEVTYP_F":0,"ELEVTYP_T":0},"geometry":{"type":"LineString","coordinates":[[-74.0328463576437,40.1628184698363],[-74.0326823685882,40.1627863167273],[-74.0326164977355,40.162773401708],[-74.0324802063823,40.1627156673253],[-74.0321669181174,40.1625201190095]]}},{"type":"Feature","id":316250,"properties":{"OBJECTID":316250,"PRIMENAME":"Wall Road","ELEVTYP_F":0,"ELEVTYP_T":0},"geometry":{"type":"LineString","coordinates":[[-74.0346813083812,40.1624992567972],[-74.0334862858472,40.1627578023898],[-74.0333542818212,40.1627858553327]]}},{"type":"Feature","id":317134,"properties":{"OBJECTID":317134,"PRIMENAME":"North Boulevard","ELEVTYP_F":0,"ELEVTYP_T":0},"geometry":{"type":"LineString","coordinates":[[-74.0275449824842,40.1669118017941],[-74.0272570827357,40.167063758291],[-74.0257605993546,40.1678535755722],[-74.025554796854,40.1679623513439],[-74.0254799938738,40.168000176834],[-74.0254487483513,40.1680060337849]]}},{"type":"Feature","id":318956,"properties":{"OBJECTID":318956,"PRIMENAME":"North Boulevard","ELEVTYP_F":0,"ELEVTYP_T":0},"geometry":{"type":"LineString","coordinates":[[-74.0198036683292,40.1691593010662],[-74.0196052494435,40.1691426098225]]}},{"type":"Feature","id":319902,"properties":{"OBJECTID":319902,"PRIMENAME":"Brighton Avenue","ELEVTYP_F":0,"ELEVTYP_T":0},"geometry":{"type":"LineString","coordinates":[[-74.0293029695197,40.1558624669943],[-74.0295994169435,40.1558227393496],[-74.0317195374874,40.1555358033055],[-74.0318604873043,40.1555172382795]]}},{"type":"Feature","id":320177,"properties":{"OBJECTID":320177,"PRIMENAME":"People Street","ELEVTYP_F":0,"ELEVTYP_T":0},"geometry":{"type":"LineString","coordinates":[[-74.0367196660445,40.1685353700727],[-74.0367169141893,40.1684664526253],[-74.0367238500051,40.1683568614532],[-74.0368015668179,40.1678948683098],[-74.0368182474824,40.1678150745386]]}},{"type":"Feature","id":320260,"properties":{"OBJECTID":320260,"PRIMENAME":"Ocean Avenue","ELEVTYP_F":0,"ELEVTYP_T":0},"geometry":{"type":"LineString","coordinates":[[-74.0229100407025,40.150363612493],[-74.0225882398263,40.1513804289238]]}},{"type":"Feature","id":322548,"properties":{"OBJECTID":322548,"PRIMENAME":"Essex Avenue","ELEVTYP_F":0,"ELEVTYP_T":0},"geometry":{"type":"LineString","coordinates":[[-74.0259943877918,40.1466373134457],[-74.0246608703875,40.1463945372705],[-74.0243113425998,40.1463309008667],[-74.0241783994379,40.1463066631311]]}},{"type":"Feature","id":322817,"properties":{"OBJECTID":322817,"PRIMENAME":"1st Avenue","ELEVTYP_F":0,"ELEVTYP_T":0},"geometry":{"type":"LineString","coordinates":[[-74.0349049086586,40.1652966975855],[-74.0356214504506,40.1654493493913]]}},{"type":"Feature","id":322926,"properties":{"OBJECTID":322926,"PRIMENAME":"Brighton Avenue","ELEVTYP_F":0,"ELEVTYP_T":0},"geometry":{"type":"LineString","coordinates":[[-74.033486257703,40.1552962166226],[-74.0344175550339,40.1551674486961],[-74.0344389610091,40.1551644886615],[-74.034575015042,40.1551467058517]]}},{"type":"Feature","id":323807,"properties":{"OBJECTID":323807,"PRIMENAME":"Pitney Avenue","ELEVTYP_F":0,"ELEVTYP_T":0},"geometry":{"type":"LineString","coordinates":[[-74.029316680516,40.1626493727164],[-74.0282621371658,40.1629563956023]]}},{"type":"Feature","id":324044,"properties":{"OBJECTID":324044,"PRIMENAME":"Unnamed Segment","ELEVTYP_F":0,"ELEVTYP_T":0},"geometry":{"type":"LineString","coordinates":[[-74.0333542818212,40.1627858553327],[-74.0335664241261,40.1633331470481]]}},{"type":"Feature","id":324133,"properties":{"OBJECTID":324133,"PRIMENAME":"People Street","ELEVTYP_F":0,"ELEVTYP_T":0},"geometry":{"type":"LineString","coordinates":[[-74.0367400184017,40.1691632408489],[-74.0367375721909,40.169086143767],[-74.0367221973291,40.1685999489673],[-74.0367196660445,40.1685353700727]]}},{"type":"Feature","id":324498,"properties":{"OBJECTID":324498,"PRIMENAME":"Campmeeting Street","ELEVTYP_F":0,"ELEVTYP_T":0},"geometry":{"type":"LineString","coordinates":[[-74.0343440431956,40.1685718513602],[-74.0343625261721,40.1684332067455],[-74.0344016690273,40.1681616914964],[-74.0345111417987,40.1675949579428],[-74.0345213381611,40.1675428937566]]}},{"type":"Feature","id":324960,"properties":{"OBJECTID":324960,"PRIMENAME":"Ocean Avenue","ELEVTYP_F":0,"ELEVTYP_T":0},"geometry":{"type":"LineString","coordinates":[[-74.0219554613804,40.15340740484],[-74.0217822312929,40.1539578593754],[-74.0216391519752,40.1544176792643]]}},{"type":"Feature","id":325147,"properties":{"OBJECTID":325147,"PRIMENAME":"South Boulevard","ELEVTYP_F":0,"ELEVTYP_T":0},"geometry":{"type":"LineString","coordinates":[[-74.0212948764823,40.1666941256654],[-74.0223410968175,40.1665968706348],[-74.0231272609625,40.1665266752713]]}},{"type":"Feature","id":325957,"properties":{"OBJECTID":325957,"PRIMENAME":"H Street","ELEVTYP_F":0,"ELEVTYP_T":0},"geometry":{"type":"LineString","coordinates":[[-74.034893116776,40.1614325238892],[-74.0348519679561,40.161626449707],[-74.0346982490273,40.1624078518399],[-74.0346813083812,40.1624992567972]]}},{"type":"Feature","id":326178,"properties":{"OBJECTID":326178,"PRIMENAME":"2nd Avenue","ELEVTYP_F":0,"ELEVTYP_T":0},"geometry":{"type":"LineString","coordinates":[[-74.0250961712451,40.1561266804167],[-74.0250050413173,40.1564092905296],[-74.0250106821042,40.1564368483719]]}},{"type":"Feature","id":326256,"properties":{"OBJECTID":326256,"PRIMENAME":"South Boulevard","ELEVTYP_F":0,"ELEVTYP_T":0},"geometry":{"type":"LineString","coordinates":[[-74.0231272609625,40.1665266752713],[-74.0235657451496,40.1664875211207],[-74.0245213661353,40.1663987587344],[-74.024597671029,40.1663916702822],[-74.0246661480927,40.1663728993622],[-74.0247907851503,40.1663162268659],[-74.0248400943589,40.1662906779212]]}},{"type":"Feature","id":326549,"properties":{"OBJECTID":326549,"PRIMENAME":"Shore Road","ELEVTYP_F":0,"ELEVTYP_T":0},"geometry":{"type":"LineString","coordinates":[[-74.0375213163271,40.1415859852862],[-74.0374441800335,40.141593113239],[-74.0372908061816,40.1416221005506],[-74.0361794133422,40.1418321385583],[-74.0347989806608,40.1420934979352],[-74.034700237015,40.1421325511274],[-74.034617533601,40.1421953872822],[-74.0345369053337,40.1422688291528],[-74.0345266030936,40.1422898718279]]}},{"type":"Feature","id":328025,"properties":{"OBJECTID":328025,"PRIMENAME":"Saint Clair Avenue","ELEVTYP_F":0,"ELEVTYP_T":0},"geometry":{"type":"LineString","coordinates":[[-74.0351206092585,40.156501625554],[-74.0343628009216,40.1562785470323]]}},{"type":"Feature","id":329494,"properties":{"OBJECTID":329494,"PRIMENAME":"Warren Avenue","ELEVTYP_F":0,"ELEVTYP_T":0},"geometry":{"type":"LineString","coordinates":[[-74.0269963617737,40.1500421579895],[-74.0272540124486,40.1500890836691],[-74.0279858924054,40.1502302942128],[-74.0280968626193,40.1502516927537]]}},{"type":"Feature","id":329536,"properties":{"OBJECTID":329536,"PRIMENAME":"H Street","ELEVTYP_F":0,"ELEVTYP_T":0},"geometry":{"type":"LineString","coordinates":[[-74.0373295620594,40.1547864644304],[-74.0370718811758,40.1553147800416],[-74.0366253802711,40.1562240426769],[-74.0363576429363,40.1567628425605],[-74.0363129783867,40.1568527236701]]}},{"type":"Feature","id":330060,"properties":{"OBJECTID":330060,"PRIMENAME":"Wyckham Road","ELEVTYP_F":0,"ELEVTYP_T":0},"geometry":{"type":"LineString","coordinates":[[-74.0369898342997,40.1602968752659],[-74.0369744256468,40.1602811463185],[-74.0369394260278,40.1602261459262],[-74.0367414604305,40.1597519682609]]}},{"type":"Feature","id":330968,"properties":{"OBJECTID":330968,"PRIMENAME":"Allaire Road","ELEVTYP_F":0,"ELEVTYP_T":0},"geometry":{"type":"LineString","coordinates":[[-74.0365802764672,40.1581190301922],[-74.0363984495374,40.1581635002824],[-74.0361776802229,40.1582174919123],[-74.036076286373,40.1582428091466]]}},{"type":"Feature","id":332247,"properties":{"OBJECTID":332247,"PRIMENAME":"Remsen Avenue","ELEVTYP_F":0,"ELEVTYP_T":0},"geometry":{"type":"LineString","coordinates":[[-74.0180620547445,40.1646630200229],[-74.0181052316062,40.1646900480728],[-74.0188347012217,40.1651465466653]]}},{"type":"Feature","id":332354,"properties":{"OBJECTID":332354,"PRIMENAME":"1st Avenue","ELEVTYP_F":0,"ELEVTYP_T":0},"geometry":{"type":"LineString","coordinates":[[-74.0259943877918,40.1466373134457],[-74.0261257538007,40.1462144458742],[-74.0262142945226,40.1459411575281]]}},{"type":"Feature","id":332903,"properties":{"OBJECTID":332903,"PRIMENAME":"1st Avenue","ELEVTYP_F":0,"ELEVTYP_T":0},"geometry":{"type":"LineString","coordinates":[[-74.0284865938949,40.1386815649804],[-74.0284452295274,40.1388124063401]]}},{"type":"Feature","id":333218,"properties":{"OBJECTID":333218,"PRIMENAME":"Passaic Avenue","ELEVTYP_F":0,"ELEVTYP_T":0},"geometry":{"type":"LineString","coordinates":[[-74.0266745861778,40.151059259849],[-74.0247299396736,40.1506970989102]]}},{"type":"Feature","id":335336,"properties":{"OBJECTID":335336,"PRIMENAME":"Twenty Second Avenue","ELEVTYP_F":0,"ELEVTYP_T":0},"geometry":{"type":"LineString","coordinates":[[-74.0308014039724,40.1666063447984],[-74.0301362910533,40.1667511238998]]}},{"type":"Feature","id":335700,"properties":{"OBJECTID":335700,"PRIMENAME":"Ocean Road","ELEVTYP_F":0,"ELEVTYP_T":0},"geometry":{"type":"LineString","coordinates":[[-74.036596844181,40.1433720482022],[-74.036925035406,40.1434058108735]]}},{"type":"Feature","id":335701,"properties":{"OBJECTID":335701,"PRIMENAME":"Brighton Avenue","ELEVTYP_F":0,"ELEVTYP_T":0},"geometry":{"type":"LineString","coordinates":[[-74.0318604873043,40.1555172382795],[-74.0324220682313,40.1554433538923],[-74.0327833394906,40.1553933932061]]}},{"type":"Feature","id":335734,"properties":{"OBJECTID":335734,"PRIMENAME":"Central Avenue","ELEVTYP_F":0,"ELEVTYP_T":0},"geometry":{"type":"LineString","coordinates":[[-74.037137522221,40.1424936877441],[-74.0359191867698,40.142398587473],[-74.0346919566824,40.1423027802481],[-74.0345280681234,40.1422899876001],[-74.0345266030936,40.1422898718279]]}},{"type":"Feature","id":336017,"properties":{"OBJECTID":336017,"PRIMENAME":"North Boulevard","ELEVTYP_F":0,"ELEVTYP_T":0},"geometry":{"type":"LineString","coordinates":[[-74.0239541983933,40.1685695976001],[-74.0238476428688,40.1686702678186],[-74.0237787938131,40.1687366952174],[-74.0235787131518,40.1689217820572],[-74.0234098231646,40.1690831127444],[-74.0233286586556,40.1691399626991],[-74.0232414020895,40.1691825117574],[-74.0230421510118,40.1692436524024],[-74.0228063631361,40.1693047511059]]}},{"type":"Feature","id":336132,"properties":{"OBJECTID":336132,"PRIMENAME":"North Boulevard","ELEVTYP_F":0,"ELEVTYP_T":0},"geometry":{"type":"LineString","coordinates":[[-74.0180301639869,40.1677453632223],[-74.0177535362476,40.1674286424238],[-74.0176793015496,40.1673806756004],[-74.0174742019881,40.1673396543714],[-74.0173629140824,40.1673173959074],[-74.0172258996453,40.1672837310562]]}},{"type":"Feature","id":336441,"properties":{"OBJECTID":336441,"PRIMENAME":"Pitney Drive","ELEVTYP_F":0,"ELEVTYP_T":0},"geometry":{"type":"LineString","coordinates":[[-74.0349075070521,40.1613581576094],[-74.0350241455872,40.1613437189058],[-74.0353579010499,40.1613024160111],[-74.0355091041239,40.1612837039857],[-74.0357577533637,40.1612513463089],[-74.0361390166898,40.161207082852]]}},{"type":"Feature","id":336533,"properties":{"OBJECTID":336533,"PRIMENAME":"East Lake Avenue","ELEVTYP_F":0,"ELEVTYP_T":0},"geometry":{"type":"LineString","coordinates":[[-74.0274179131763,40.147975857299],[-74.0275619234516,40.1482209124979]]}},{"type":"Feature","id":336683,"properties":{"OBJECTID":336683,"PRIMENAME":"2nd Avenue","ELEVTYP_F":0,"ELEVTYP_T":0},"geometry":{"type":"LineString","coordinates":[[-74.0280600894772,40.1466586530071],[-74.0281429073306,40.1463894307693],[-74.0282694950274,40.1459778520204]]}},{"type":"Feature","id":337995,"properties":{"OBJECTID":337995,"PRIMENAME":"Jersey Avenue","ELEVTYP_F":0,"ELEVTYP_T":0},"geometry":{"type":"LineString","coordinates":[[-74.033486257703,40.1552962166226],[-74.0334671095605,40.1552188043158],[-74.0332676575861,40.1544125080934]]}},{"type":"Feature","id":338280,"properties":{"OBJECTID":338280,"PRIMENAME":"Passaic Avenue","ELEVTYP_F":0,"ELEVTYP_T":0},"geometry":{"type":"LineString","coordinates":[[-74.0284215923652,40.1513815514842],[-74.0277985733047,40.1512685376691],[-74.0266745861778,40.151059259849]]}},{"type":"Feature","id":338750,"properties":{"OBJECTID":338750,"PRIMENAME":"Ocean Avenue","ELEVTYP_F":0,"ELEVTYP_T":0},"geometry":{"type":"LineString","coordinates":[[-74.0225882398263,40.1513804289238],[-74.0224543375222,40.1518033635543],[-74.0222743987992,40.1523934339]]}},{"type":"Feature","id":339085,"properties":{"OBJECTID":339085,"PRIMENAME":"Jersey Avenue","ELEVTYP_F":0,"ELEVTYP_T":0},"geometry":{"type":"LineString","coordinates":[[-74.0299413574112,40.1538031622919],[-74.0296757969142,40.1537545631225],[-74.0279903496285,40.153446931561]]}},{"type":"Feature","id":340196,"properties":{"OBJECTID":340196,"PRIMENAME":"5th Avenue","ELEVTYP_F":0,"ELEVTYP_T":0},"geometry":{"type":"LineString","coordinates":[[-74.0343183125909,40.1481722081908],[-74.034632967149,40.1471523924368]]}},{"type":"Feature","id":340249,"properties":{"OBJECTID":340249,"PRIMENAME":"Jersey Avenue","ELEVTYP_F":0,"ELEVTYP_T":0},"geometry":{"type":"LineString","coordinates":[[-74.0279903496285,40.153446931561],[-74.0277527681907,40.1534035479913],[-74.026039525996,40.1530823509323]]}},{"type":"Feature","id":340715,"properties":{"OBJECTID":340715,"PRIMENAME":"Tuttle Avenue","ELEVTYP_F":0,"ELEVTYP_T":0},"geometry":{"type":"LineString","coordinates":[[-74.0297427887399,40.1578495025086],[-74.0321531135603,40.1575250293211],[-74.0322631980742,40.1575104570151]]}},{"type":"Feature","id":340974,"properties":{"OBJECTID":340974,"PRIMENAME":"Oceanside Court","ELEVTYP_F":0,"ELEVTYP_T":0},"geometry":{"type":"LineString","coordinates":[[-74.0342728660326,40.1614795420278],[-74.0343549432689,40.1621402514994]]}},{"type":"Feature","id":341130,"properties":{"OBJECTID":341130,"PRIMENAME":"Washington Avenue","ELEVTYP_F":0,"ELEVTYP_T":0},"geometry":{"type":"LineString","coordinates":[[-74.0219554613804,40.15340740484],[-74.0220940272336,40.1534327941777],[-74.0237790806714,40.1537416627767]]}},{"type":"Feature","id":341301,"properties":{"OBJECTID":341301,"PRIMENAME":"Tuttle Avenue","ELEVTYP_F":0,"ELEVTYP_T":0},"geometry":{"type":"LineString","coordinates":[[-74.0202562527479,40.1588543412991],[-74.0203910823372,40.1588781797277],[-74.0211355963406,40.1590099323116],[-74.0215978535984,40.1589465330134]]}},{"type":"Feature","id":341761,"properties":{"OBJECTID":341761,"PRIMENAME":"World Street","ELEVTYP_F":0,"ELEVTYP_T":0},"geometry":{"type":"LineString","coordinates":[[-74.0350666275288,40.1685700599515],[-74.0350640841414,40.1685074849847],[-74.0350526068861,40.1683644651377],[-74.0350659701086,40.1682310715174],[-74.0351815980338,40.1676739155456],[-74.0351915063232,40.1676220140673]]}},{"type":"Feature","id":341897,"properties":{"OBJECTID":341897,"PRIMENAME":"Campmeeting Street","ELEVTYP_F":0,"ELEVTYP_T":0},"geometry":{"type":"LineString","coordinates":[[-74.034846200322,40.165884680069],[-74.0348823948885,40.1657129938853],[-74.0349049086586,40.1652966975855]]}},{"type":"Feature","id":342599,"properties":{"OBJECTID":342599,"PRIMENAME":"4th Avenue","ELEVTYP_F":0,"ELEVTYP_T":0},"geometry":{"type":"LineString","coordinates":[[-74.031211058695,40.1497443579989],[-74.0310332536254,40.1502846783757],[-74.030984407748,40.1504331101105],[-74.0309484162005,40.1505425016103]]}},{"type":"Feature","id":343708,"properties":{"OBJECTID":343708,"PRIMENAME":"Woodcreast Drive","ELEVTYP_F":0,"ELEVTYP_T":0},"geometry":{"type":"LineString","coordinates":[[-74.0397573836524,40.1582030054053],[-74.0385656421108,40.1584982393792],[-74.0377816879318,40.1586857443061],[-74.0376768619578,40.1587108294731]]}},{"type":"Feature","id":344192,"properties":{"OBJECTID":344192,"PRIMENAME":"3rd Avenue","ELEVTYP_F":0,"ELEVTYP_T":0},"geometry":{"type":"LineString","coordinates":[[-74.0279903496285,40.153446931561],[-74.0276740230254,40.1544569757585]]}},{"type":"Feature","id":344408,"properties":{"OBJECTID":344408,"PRIMENAME":"Shore Road","ELEVTYP_F":0,"ELEVTYP_T":0},"geometry":{"type":"LineString","coordinates":[[-74.0381444932342,40.1415981493426],[-74.0379116031999,40.1415748689131],[-74.0377818904904,40.1415619029008]]}},{"type":"Feature","id":344813,"properties":{"OBJECTID":344813,"PRIMENAME":"20th Avenue","ELEVTYP_F":0,"ELEVTYP_T":0},"geometry":{"type":"LineString","coordinates":[[-74.0196052494435,40.1691426098225],[-74.0193919114881,40.1691298084882],[-74.019263678977,40.169122113035],[-74.0191581451284,40.1691073441103],[-74.0191445929545,40.1691046884699],[-74.0189844338173,40.1690732947597],[-74.0188924266326,40.1690535037635]]}},{"type":"Feature","id":346973,"properties":{"OBJECTID":346973,"PRIMENAME":"Ocean Road","ELEVTYP_F":0,"ELEVTYP_T":0},"geometry":{"type":"LineString","coordinates":[[-74.0333061679595,40.1430362895091],[-74.0337365490576,40.1430710764676],[-74.0342368526699,40.1431291177004],[-74.0343322466972,40.1431401843455],[-74.0345139836062,40.1431587593476]]}},{"type":"Feature","id":351720,"properties":{"OBJECTID":351720,"PRIMENAME":"4th Avenue","ELEVTYP_F":0,"ELEVTYP_T":0},"geometry":{"type":"LineString","coordinates":[[-74.0296252640829,40.1548146403298],[-74.0295106603912,40.1551837168536],[-74.0293110223832,40.1558362268743],[-74.0293029695197,40.1558624669943]]}},{"type":"Feature","id":353927,"properties":{"OBJECTID":353927,"PRIMENAME":"Saint Clair Avenue","ELEVTYP_F":0,"ELEVTYP_T":0},"geometry":{"type":"LineString","coordinates":[[-74.034322668398,40.1562667281283],[-74.0342018350939,40.1562311470875],[-74.0341714733026,40.1562350077563],[-74.0321228971281,40.1564954545855],[-74.0320348692246,40.1565076723598]]}},{"type":"Feature","id":364903,"properties":{"OBJECTID":364903,"PRIMENAME":"Elizabeth Court","ELEVTYP_F":0,"ELEVTYP_T":0},"geometry":{"type":"LineString","coordinates":[[-74.0282391306067,40.1621084777453],[-74.0281149034192,40.162092049316],[-74.0280770021193,40.162089620629],[-74.0279038494855,40.1620785326349],[-74.0277320972512,40.16208220773],[-74.0277174349715,40.1620825217074],[-74.0273313617991,40.162132612907],[-74.0272428793894,40.1621421618475],[-74.0271494480726,40.1621584167857],[-74.0271243306095,40.1621736329679],[-74.0271091432697,40.1622017369953],[-74.0271118353871,40.1622160787038]]}},{"type":"Feature","id":382367,"properties":{"OBJECTID":382367,"PRIMENAME":"Monroe Avenue","ELEVTYP_F":0,"ELEVTYP_T":0},"geometry":{"type":"LineString","coordinates":[[-74.027553899101,40.1667092772889],[-74.0271693986181,40.1664260293994],[-74.0268725766829,40.1662294361943],[-74.0266959269257,40.1661199707412],[-74.026002735689,40.1656904122324]]}},{"type":"Feature","id":384615,"properties":{"OBJECTID":384615,"PRIMENAME":"Brown Avenue","ELEVTYP_F":0,"ELEVTYP_T":0},"geometry":{"type":"LineString","coordinates":[[-74.0282097879103,40.1395623730954],[-74.0281050630824,40.1395229864392],[-74.0266099550421,40.1392502072679],[-74.0265153744948,40.1392304387928],[-74.0264395799239,40.139230128866],[-74.0264310338728,40.1392327104024]]}},{"type":"Feature","id":387537,"properties":{"OBJECTID":387537,"PRIMENAME":"Brown Avenue","ELEVTYP_F":0,"ELEVTYP_T":0},"geometry":{"type":"LineString","coordinates":[[-74.0301285292696,40.1399437749943],[-74.0301313040511,40.1399346731409],[-74.028295480345,40.1395983523072],[-74.0282097879103,40.1395623730954]]}},{"type":"Feature","id":391889,"properties":{"OBJECTID":391889,"PRIMENAME":"1st Avenue","ELEVTYP_F":0,"ELEVTYP_T":0},"geometry":{"type":"LineString","coordinates":[[-74.0282097879103,40.1395623730954],[-74.0279007628852,40.1405542176599]]}},{"type":"Feature","id":396521,"properties":{"OBJECTID":396521,"PRIMENAME":"Madison Avenue","ELEVTYP_F":0,"ELEVTYP_T":0},"geometry":{"type":"LineString","coordinates":[[-74.0293029695197,40.1558624669943],[-74.0292708857763,40.1558436942801],[-74.0292237269083,40.155826574262],[-74.029152335197,40.1558066194206],[-74.0273597261962,40.155472216007]]}},{"type":"Feature","id":400422,"properties":{"OBJECTID":400422,"PRIMENAME":"1st Avenue","ELEVTYP_F":0,"ELEVTYP_T":0},"geometry":{"type":"LineString","coordinates":[[-74.0284452295274,40.1388124063401],[-74.0283995337661,40.138956954654],[-74.0283830612867,40.1390095063863],[-74.0282157745281,40.1395431489853],[-74.0282097879103,40.1395623730954]]}},{"type":"Feature","id":401361,"properties":{"OBJECTID":401361,"PRIMENAME":"3rd Avenue","ELEVTYP_F":0,"ELEVTYP_T":0},"geometry":{"type":"LineString","coordinates":[[-74.0279371548068,40.1647040040519],[-74.0278195463707,40.1652809931739],[-74.0277396409421,40.1656616806811],[-74.0277295871621,40.1657095756169],[-74.0276522773833,40.1661096039948],[-74.0276070473251,40.166357262916],[-74.027555134032,40.1666811856483],[-74.027553899101,40.1667092772889]]}},{"type":"Feature","id":403132,"properties":{"OBJECTID":403132,"PRIMENAME":"Saint Clair Avenue","ELEVTYP_F":0,"ELEVTYP_T":0},"geometry":{"type":"LineString","coordinates":[[-74.0343628009216,40.1562785470323],[-74.034322668398,40.1562667281283]]}},{"type":"Feature","id":434930,"properties":{"OBJECTID":434930,"PRIMENAME":"Boardwalk","ELEVTYP_F":0,"ELEVTYP_T":0},"geometry":{"type":"LineString","coordinates":[[-74.0259149943283,40.1391277283128],[-74.0258384123852,40.1392965882866],[-74.0255305312733,40.1401946205612],[-74.0251692903235,40.1412571553643],[-74.0248609273004,40.1422219628657],[-74.0244876224989,40.1433147896296],[-74.0243563334409,40.1437283500111],[-74.0242471668387,40.1441447643955],[-74.023945525063,40.1450750364723],[-74.0237042493725,40.1458130243085],[-74.0234816913643,40.146511449552],[-74.0227574400008,40.1487792019098],[-74.0220136207704,40.1511997595391],[-74.0216885262203,40.1523083021688],[-74.0214577328214,40.1531227738133],[-74.0213896877739,40.153354661996],[-74.0213256494174,40.1535412651478],[-74.0208334047201,40.1553286340752],[-74.0207879132116,40.1555011576132],[-74.0207007767992,40.1558235693282],[-74.0203863697443,40.1569802830393],[-74.0201131807816,40.158046564368],[-74.0200526455241,40.1582586641117],[-74.019968317894,40.1585012594812],[-74.0198035673391,40.1588701595895],[-74.0197161255446,40.1590966700991],[-74.0196181656834,40.1594621874618],[-74.0195398486055,40.1597472834616],[-74.0194762248667,40.1599775520439],[-74.0190232722013,40.1613112938203],[-74.0188673254235,40.161782687568],[-74.0187505899758,40.162104215168],[-74.0185118291239,40.1628204335593],[-74.0183024558274,40.1634269961369],[-74.0181708378521,40.1638289647426],[-74.0179613018818,40.1644574808638],[-74.017854511141,40.1647205019598],[-74.0177377916502,40.1650383689671],[-74.0174843115286,40.1658094118037]]}},{"type":"Feature","id":434931,"properties":{"OBJECTID":434931,"PRIMENAME":"Belmar Boardwalk","ELEVTYP_F":0,"ELEVTYP_T":0},"geometry":{"type":"LineString","coordinates":[[-74.016959942239,40.1674845980859],[-74.0165664887123,40.1685752114697],[-74.0162017863138,40.1696093727319],[-74.015669695575,40.1710475333153],[-74.0143158567665,40.1747581392818],[-74.0129094413556,40.1786599768817],[-74.0124636464635,40.1799113632283],[-74.012012535217,40.1811105066394],[-74.0115606901467,40.1824097307586],[-74.0110338219017,40.1838827014876],[-74.0105591822491,40.1851905288684],[-74.0104202011561,40.1855815847236]]}}]}
